timestamp,price_aud_per_mwh,demand_mw
2026-05-01 00:00:00+10:00,40.73,20518.64
2026-05-01 00:05:00+10:00,40.748,20406.63
2026-05-01 00:10:00+10:00,42.446,20559.21
2026-05-01 00:15:00+10:00,42.276,20446.57
2026-05-01 00:20:00+10:00,39.086,20375.8
2026-05-01 00:25:00+10:00,38.674,20360.43
2026-05-01 00:30:00+10:00,38.248,20256.9
2026-05-01 00:35:00+10:00,39.148,20128.25
2026-05-01 00:40:00+10:00,39.982,20117.16
2026-05-01 00:45:00+10:00,37.488,19965.18
2026-05-01 00:50:00+10:00,36.128,19888.15
2026-05-01 00:55:00+10:00,36.318,19869.57
2026-05-01 01:00:00+10:00,36.532,19846.62
2026-05-01 01:05:00+10:00,36.272,19662.89
2026-05-01 01:10:00+10:00,36.004,19603.39
2026-05-01 01:15:00+10:00,36.4,19561.23
2026-05-01 01:20:00+10:00,36.16,19475.91
2026-05-01 01:25:00+10:00,36.36,19358.21
2026-05-01 01:30:00+10:00,36.198,19269.73
2026-05-01 01:35:00+10:00,36.116,19106.91
2026-05-01 01:40:00+10:00,36.766,19213.2
2026-05-01 01:45:00+10:00,36.044,19113.36
2026-05-01 01:50:00+10:00,35.982,18987.97
2026-05-01 01:55:00+10:00,35.97,18991.06
2026-05-01 02:00:00+10:00,36.014,18920.43
2026-05-01 02:05:00+10:00,36.162,18916.9
2026-05-01 02:10:00+10:00,36.122,18836.27
2026-05-01 02:15:00+10:00,36.122,18697.1
2026-05-01 02:20:00+10:00,36.122,18638.04
2026-05-01 02:25:00+10:00,36.84,18727.77
2026-05-01 02:30:00+10:00,35.35,18657.75
2026-05-01 02:35:00+10:00,35.35,18414.24
2026-05-01 02:40:00+10:00,36.122,18570.19
2026-05-01 02:45:00+10:00,35.148,18494.34
2026-05-01 02:50:00+10:00,34.206,18495.81
2026-05-01 02:55:00+10:00,37.428,18465.33
2026-05-01 03:00:00+10:00,37.342,18377.91
2026-05-01 03:05:00+10:00,37.744,18257.92
2026-05-01 03:10:00+10:00,37.746,18299.97
2026-05-01 03:15:00+10:00,38.498,18440.83
2026-05-01 03:20:00+10:00,36.894,18323.23
2026-05-01 03:25:00+10:00,37.468,18434.97
2026-05-01 03:30:00+10:00,37.468,18399.2
2026-05-01 03:35:00+10:00,38.236,18431.66
2026-05-01 03:40:00+10:00,38.14,18425.78
2026-05-01 03:45:00+10:00,35.07,18420.31
2026-05-01 03:50:00+10:00,35.974,18477.44
2026-05-01 03:55:00+10:00,35.634,18309.95
2026-05-01 04:00:00+10:00,35.058,18310.73
2026-05-01 04:05:00+10:00,35.414,18258.23
2026-05-01 04:10:00+10:00,36.188,18437.55
2026-05-01 04:15:00+10:00,35.916,18496.93
2026-05-01 04:20:00+10:00,35.408,18540.44
2026-05-01 04:25:00+10:00,36.476,18620.98
2026-05-01 04:30:00+10:00,38.046,18576.06
2026-05-01 04:35:00+10:00,38.046,18551.59
2026-05-01 04:40:00+10:00,38.026,18733.75
2026-05-01 04:45:00+10:00,38.716,18930.65
2026-05-01 04:50:00+10:00,36.186,18856.19
2026-05-01 04:55:00+10:00,36.024,18803.77
2026-05-01 05:00:00+10:00,36.158,18916.43
2026-05-01 05:05:00+10:00,35.81,19104.49
2026-05-01 05:10:00+10:00,36.534,19246.2
2026-05-01 05:15:00+10:00,39.658,19428.51
2026-05-01 05:20:00+10:00,36.612,19397.15
2026-05-01 05:25:00+10:00,36.84,19469.31
2026-05-01 05:30:00+10:00,39.926,19605.47
2026-05-01 05:35:00+10:00,39.256,19703.42
2026-05-01 05:40:00+10:00,39.764,19784.03
2026-05-01 05:45:00+10:00,42.1,20002.34
2026-05-01 05:50:00+10:00,39.766,20004.63
2026-05-01 05:55:00+10:00,40.704,20195.13
2026-05-01 06:00:00+10:00,43.876,20286.58
2026-05-01 06:05:00+10:00,39.92,20377.09
2026-05-01 06:10:00+10:00,45.578,20776.72
2026-05-01 06:15:00+10:00,45.926,20929.35
2026-05-01 06:20:00+10:00,51.16,21237.73
2026-05-01 06:25:00+10:00,47.422,21358.54
2026-05-01 06:30:00+10:00,53.462,21484.32
2026-05-01 06:35:00+10:00,46.51,21799.96
2026-05-01 06:40:00+10:00,52.754,21920.44
2026-05-01 06:45:00+10:00,47.356,22023.33
2026-05-01 06:50:00+10:00,49.01,22177.03
2026-05-01 06:55:00+10:00,51.202,22327.25
2026-05-01 07:00:00+10:00,48.158,22328.63
2026-05-01 07:05:00+10:00,48.206,22343.9
2026-05-01 07:10:00+10:00,48.302,22509.87
2026-05-01 07:15:00+10:00,48.728,22615.89
2026-05-01 07:20:00+10:00,48.186,22602.44
2026-05-01 07:25:00+10:00,40.966,22617.76
2026-05-01 07:30:00+10:00,40.85,22510.94
2026-05-01 07:35:00+10:00,23.996,22402.07
2026-05-01 07:40:00+10:00,25.432,22444.11
2026-05-01 07:45:00+10:00,24.134,22280.7
2026-05-01 07:50:00+10:00,28.978,22070.74
2026-05-01 07:55:00+10:00,36.728,21945.43
2026-05-01 08:00:00+10:00,32.008,21972.6
2026-05-01 08:05:00+10:00,26.042,21680.45
2026-05-01 08:10:00+10:00,31.368,21726.39
2026-05-01 08:15:00+10:00,30.522,21577.08
2026-05-01 08:20:00+10:00,30.366,21271.9
2026-05-01 08:25:00+10:00,26.752,21172.33
2026-05-01 08:30:00+10:00,20.718,21024.95
2026-05-01 08:35:00+10:00,26.144,20783.64
2026-05-01 08:40:00+10:00,30.834,20506.57
2026-05-01 08:45:00+10:00,29.1,20378.94
2026-05-01 08:50:00+10:00,29.162,20225.79
2026-05-01 08:55:00+10:00,28.222,20019.34
2026-05-01 09:00:00+10:00,21.44,19754.94
2026-05-01 09:05:00+10:00,24.784,19669.23
2026-05-01 09:10:00+10:00,27.714,19631.78
2026-05-01 09:15:00+10:00,25.212,19480.85
2026-05-01 09:20:00+10:00,27.468,19303.85
2026-05-01 09:25:00+10:00,30.282,19155.05
2026-05-01 09:30:00+10:00,26.138,18994.68
2026-05-01 09:35:00+10:00,26.246,18920.27
2026-05-01 09:40:00+10:00,26.352,18911.78
2026-05-01 09:45:00+10:00,25.96,18762.35
2026-05-01 09:50:00+10:00,22.512,18475.11
2026-05-01 09:55:00+10:00,25.976,18521.35
2026-05-01 10:00:00+10:00,26.1,18288.55
2026-05-01 10:05:00+10:00,27.234,18177.66
2026-05-01 10:10:00+10:00,28.322,18378.67
2026-05-01 10:15:00+10:00,27.776,17918.3
2026-05-01 10:20:00+10:00,24.808,17961.41
2026-05-01 10:25:00+10:00,28.664,18164.93
2026-05-01 10:30:00+10:00,28.006,17898.49
2026-05-01 10:35:00+10:00,29.196,17780.11
2026-05-01 10:40:00+10:00,29.312,17891.85
2026-05-01 10:45:00+10:00,28.794,17670.83
2026-05-01 10:50:00+10:00,26.344,17691.54
2026-05-01 10:55:00+10:00,28.696,17595.06
2026-05-01 11:00:00+10:00,29.262,17458.42
2026-05-01 11:05:00+10:00,28.882,17261.09
2026-05-01 11:10:00+10:00,34.822,17719.57
2026-05-01 11:15:00+10:00,36.02,17692.56
2026-05-01 11:20:00+10:00,36.668,17543.88
2026-05-01 11:25:00+10:00,30.75,17555.55
2026-05-01 11:30:00+10:00,28.458,17449.0
2026-05-01 11:35:00+10:00,30.788,17428.55
2026-05-01 11:40:00+10:00,30.528,17224.0
2026-05-01 11:45:00+10:00,32.278,17375.0
2026-05-01 11:50:00+10:00,32.152,17322.33
2026-05-01 11:55:00+10:00,28.29,17091.99
2026-05-01 12:00:00+10:00,29.268,17157.88
2026-05-01 12:05:00+10:00,31.038,17273.98
2026-05-01 12:10:00+10:00,30.898,17172.84
2026-05-01 12:15:00+10:00,34.594,17303.54
2026-05-01 12:20:00+10:00,29.604,17114.4
2026-05-01 12:25:00+10:00,30.414,17056.9
2026-05-01 12:30:00+10:00,32.112,16968.87
2026-05-01 12:35:00+10:00,30.372,16890.98
2026-05-01 12:40:00+10:00,30.808,16920.0
2026-05-01 12:45:00+10:00,31.236,16807.52
2026-05-01 12:50:00+10:00,28.102,16572.49
2026-05-01 12:55:00+10:00,31.246,16921.5
2026-05-01 13:00:00+10:00,28.998,16902.26
2026-05-01 13:05:00+10:00,33.31,16997.87
2026-05-01 13:10:00+10:00,35.686,16984.18
2026-05-01 13:15:00+10:00,31.606,16985.61
2026-05-01 13:20:00+10:00,31.372,17145.72
2026-05-01 13:25:00+10:00,32.084,17228.87
2026-05-01 13:30:00+10:00,31.412,17160.69
2026-05-01 13:35:00+10:00,31.554,17370.04
2026-05-01 13:40:00+10:00,31.806,17435.5
2026-05-01 13:45:00+10:00,31.67,17504.58
2026-05-01 13:50:00+10:00,32.22,17918.57
2026-05-01 13:55:00+10:00,32.414,17995.43
2026-05-01 14:00:00+10:00,31.808,17919.63
2026-05-01 14:05:00+10:00,30.984,18064.69
2026-05-01 14:10:00+10:00,31.224,17987.16
2026-05-01 14:15:00+10:00,26.628,18154.03
2026-05-01 14:20:00+10:00,34.4,18263.6
2026-05-01 14:25:00+10:00,31.738,18338.86
2026-05-01 14:30:00+10:00,31.8,18244.24
2026-05-01 14:35:00+10:00,31.238,18479.57
2026-05-01 14:40:00+10:00,31.12,18623.06
2026-05-01 14:45:00+10:00,31.492,18829.09
2026-05-01 14:50:00+10:00,37.342,19215.59
2026-05-01 14:55:00+10:00,31.766,19274.6
2026-05-01 15:00:00+10:00,30.88,19427.96
2026-05-01 15:05:00+10:00,32.642,19606.3
2026-05-01 15:10:00+10:00,31.434,19762.55
2026-05-01 15:15:00+10:00,31.192,19996.79
2026-05-01 15:20:00+10:00,31.592,20224.68
2026-05-01 15:25:00+10:00,42.58,20687.76
2026-05-01 15:30:00+10:00,39.786,20904.98
2026-05-01 15:35:00+10:00,39.36,20974.39
2026-05-01 15:40:00+10:00,44.816,21074.04
2026-05-01 15:45:00+10:00,47.488,21486.11
2026-05-01 15:50:00+10:00,47.89,21779.19
2026-05-01 15:55:00+10:00,42.946,22099.18
2026-05-01 16:00:00+10:00,49.396,22285.54
2026-05-01 16:05:00+10:00,45.214,22475.06
2026-05-01 16:10:00+10:00,40.056,22555.1
2026-05-01 16:15:00+10:00,42.892,22907.03
2026-05-01 16:20:00+10:00,50.724,23312.65
2026-05-01 16:25:00+10:00,48.526,23441.17
2026-05-01 16:30:00+10:00,58.42,23737.49
2026-05-01 16:35:00+10:00,51.666,23997.09
2026-05-01 16:40:00+10:00,54.322,24076.29
2026-05-01 16:45:00+10:00,59.206,24228.93
2026-05-01 16:50:00+10:00,63.08,24361.67
2026-05-01 16:55:00+10:00,61.106,24552.51
2026-05-01 17:00:00+10:00,66.136,24787.3
2026-05-01 17:05:00+10:00,61.102,24872.65
2026-05-01 17:10:00+10:00,61.086,24745.83
2026-05-01 17:15:00+10:00,56.168,24803.43
2026-05-01 17:20:00+10:00,60.122,24999.96
2026-05-01 17:25:00+10:00,63.5,25144.28
2026-05-01 17:30:00+10:00,57.752,25199.99
2026-05-01 17:35:00+10:00,59.124,25410.36
2026-05-01 17:40:00+10:00,56.408,25284.77
2026-05-01 17:45:00+10:00,59.03,25354.14
2026-05-01 17:50:00+10:00,57.678,25399.2
2026-05-01 17:55:00+10:00,62.554,25632.69
2026-05-01 18:00:00+10:00,61.776,25584.35
2026-05-01 18:05:00+10:00,58.112,25363.13
2026-05-01 18:10:00+10:00,58.128,25231.2
2026-05-01 18:15:00+10:00,56.082,25106.61
2026-05-01 18:20:00+10:00,54.702,25150.9
2026-05-01 18:25:00+10:00,57.854,25204.11
2026-05-01 18:30:00+10:00,58.132,25037.59
2026-05-01 18:35:00+10:00,55.058,24895.8
2026-05-01 18:40:00+10:00,55.408,24821.92
2026-05-01 18:45:00+10:00,53.984,24741.79
2026-05-01 18:50:00+10:00,51.782,24600.55
2026-05-01 18:55:00+10:00,50.772,24477.5
2026-05-01 19:00:00+10:00,61.134,24503.52
2026-05-01 19:05:00+10:00,49.902,24377.39
2026-05-01 19:10:00+10:00,52.56,24299.65
2026-05-01 19:15:00+10:00,60.052,24232.01
2026-05-01 19:20:00+10:00,50.03,24046.38
2026-05-01 19:25:00+10:00,52.062,23928.79
2026-05-01 19:30:00+10:00,51.236,23890.16
2026-05-01 19:35:00+10:00,54.93,23881.87
2026-05-01 19:40:00+10:00,48.96,23856.75
2026-05-01 19:45:00+10:00,49.472,23695.58
2026-05-01 19:50:00+10:00,47.236,23642.67
2026-05-01 19:55:00+10:00,49.576,23595.58
2026-05-01 20:00:00+10:00,46.412,23493.86
2026-05-01 20:05:00+10:00,49.55,23357.8
2026-05-01 20:10:00+10:00,49.724,23417.41
2026-05-01 20:15:00+10:00,51.714,23371.25
2026-05-01 20:20:00+10:00,50.974,23328.2
2026-05-01 20:25:00+10:00,50.306,23231.4
2026-05-01 20:30:00+10:00,48.45,23207.95
2026-05-01 20:35:00+10:00,42.108,22985.27
2026-05-01 20:40:00+10:00,48.886,23064.21
2026-05-01 20:45:00+10:00,50.002,23065.14
2026-05-01 20:50:00+10:00,48.864,22970.41
2026-05-01 20:55:00+10:00,47.144,23009.2
2026-05-01 21:00:00+10:00,43.73,22896.69
2026-05-01 21:05:00+10:00,45.408,22798.51
2026-05-01 21:10:00+10:00,46.36,22768.15
2026-05-01 21:15:00+10:00,44.102,22730.7
2026-05-01 21:20:00+10:00,41.99,22641.61
2026-05-01 21:25:00+10:00,44.122,22588.23
2026-05-01 21:30:00+10:00,42.184,22567.61
2026-05-01 21:35:00+10:00,48.494,22497.44
2026-05-01 21:40:00+10:00,53.428,22402.36
2026-05-01 21:45:00+10:00,49.172,22239.43
2026-05-01 21:50:00+10:00,48.006,22144.72
2026-05-01 21:55:00+10:00,55.21,22139.14
2026-05-01 22:00:00+10:00,52.656,22057.78
2026-05-01 22:05:00+10:00,64.65,21726.82
2026-05-01 22:10:00+10:00,75.238,21745.41
2026-05-01 22:15:00+10:00,57.268,21875.53
2026-05-01 22:20:00+10:00,53.27,21750.82
2026-05-01 22:25:00+10:00,45.718,21557.81
2026-05-01 22:30:00+10:00,46.24,21486.3
2026-05-01 22:35:00+10:00,44.414,21443.78
2026-05-01 22:40:00+10:00,46.742,21343.01
2026-05-01 22:45:00+10:00,45.59,21158.02
2026-05-01 22:50:00+10:00,44.636,21077.78
2026-05-01 22:55:00+10:00,45.546,21044.25
2026-05-01 23:00:00+10:00,45.532,21001.45
2026-05-01 23:05:00+10:00,46.466,20899.58
2026-05-01 23:10:00+10:00,46.086,21024.92
2026-05-01 23:15:00+10:00,46.154,21096.49
2026-05-01 23:20:00+10:00,46.196,20958.15
2026-05-01 23:25:00+10:00,45.958,20835.74
2026-05-01 23:30:00+10:00,44.696,20741.92
2026-05-01 23:35:00+10:00,46.81,20783.11
2026-05-01 23:40:00+10:00,46.584,20703.85
2026-05-01 23:45:00+10:00,46.078,20671.93
2026-05-01 23:50:00+10:00,45.656,20615.64
2026-05-01 23:55:00+10:00,43.298,20436.96
2026-05-02 00:00:00+10:00,44.914,20404.06
2026-05-02 00:05:00+10:00,46.37,20384.39
2026-05-02 00:10:00+10:00,47.08,20356.18
2026-05-02 00:15:00+10:00,46.166,20169.05
2026-05-02 00:20:00+10:00,46.392,20253.03
2026-05-02 00:25:00+10:00,44.738,20100.8
2026-05-02 00:30:00+10:00,45.23,20027.47
2026-05-02 00:35:00+10:00,47.38,19951.11
2026-05-02 00:40:00+10:00,44.154,19901.85
2026-05-02 00:45:00+10:00,46.8,19798.84
2026-05-02 00:50:00+10:00,47.918,19810.82
2026-05-02 00:55:00+10:00,46.702,19725.5
2026-05-02 01:00:00+10:00,46.034,19593.29
2026-05-02 01:05:00+10:00,46.516,19548.09
2026-05-02 01:10:00+10:00,46.174,19426.49
2026-05-02 01:15:00+10:00,46.578,19451.41
2026-05-02 01:20:00+10:00,45.42,19250.03
2026-05-02 01:25:00+10:00,38.956,19095.2
2026-05-02 01:30:00+10:00,39.192,19062.19
2026-05-02 01:35:00+10:00,40.514,19043.42
2026-05-02 01:40:00+10:00,40.51,18945.36
2026-05-02 01:45:00+10:00,40.354,18923.94
2026-05-02 01:50:00+10:00,40.104,18868.27
2026-05-02 01:55:00+10:00,36.716,18755.34
2026-05-02 02:00:00+10:00,39.822,18704.72
2026-05-02 02:05:00+10:00,36.342,18452.2
2026-05-02 02:10:00+10:00,36.458,18444.96
2026-05-02 02:15:00+10:00,37.252,18416.21
2026-05-02 02:20:00+10:00,37.052,18343.51
2026-05-02 02:25:00+10:00,37.912,18351.01
2026-05-02 02:30:00+10:00,37.006,18340.47
2026-05-02 02:35:00+10:00,36.69,18204.85
2026-05-02 02:40:00+10:00,38.42,18266.54
2026-05-02 02:45:00+10:00,38.122,18219.41
2026-05-02 02:50:00+10:00,36.58,18190.86
2026-05-02 02:55:00+10:00,38.468,18289.65
2026-05-02 03:00:00+10:00,36.67,18196.9
2026-05-02 03:05:00+10:00,36.556,18143.63
2026-05-02 03:10:00+10:00,38.474,18205.78
2026-05-02 03:15:00+10:00,38.096,18221.64
2026-05-02 03:20:00+10:00,37.924,18325.54
2026-05-02 03:25:00+10:00,38.478,18320.12
2026-05-02 03:30:00+10:00,39.21,18278.99
2026-05-02 03:35:00+10:00,36.628,18135.46
2026-05-02 03:40:00+10:00,36.02,18010.84
2026-05-02 03:45:00+10:00,40.252,18115.81
2026-05-02 03:50:00+10:00,40.668,17984.93
2026-05-02 03:55:00+10:00,36.158,17930.52
2026-05-02 04:00:00+10:00,38.182,17836.85
2026-05-02 04:05:00+10:00,36.694,17894.95
2026-05-02 04:10:00+10:00,38.632,17969.17
2026-05-02 04:15:00+10:00,38.382,17894.75
2026-05-02 04:20:00+10:00,38.634,17909.08
2026-05-02 04:25:00+10:00,38.642,17895.05
2026-05-02 04:30:00+10:00,36.496,17879.12
2026-05-02 04:35:00+10:00,36.494,17900.0
2026-05-02 04:40:00+10:00,36.584,17950.54
2026-05-02 04:45:00+10:00,38.198,17909.92
2026-05-02 04:50:00+10:00,38.198,17985.55
2026-05-02 04:55:00+10:00,38.162,17987.5
2026-05-02 05:00:00+10:00,38.452,18030.71
2026-05-02 05:05:00+10:00,36.52,18036.08
2026-05-02 05:10:00+10:00,37.088,18088.03
2026-05-02 05:15:00+10:00,40.672,18155.7
2026-05-02 05:20:00+10:00,40.67,18246.67
2026-05-02 05:25:00+10:00,38.474,18217.51
2026-05-02 05:30:00+10:00,38.472,18183.38
2026-05-02 05:35:00+10:00,38.494,18362.73
2026-05-02 05:40:00+10:00,38.49,18417.37
2026-05-02 05:45:00+10:00,38.45,18373.9
2026-05-02 05:50:00+10:00,38.45,18433.2
2026-05-02 05:55:00+10:00,36.456,18327.11
2026-05-02 06:00:00+10:00,37.11,18403.46
2026-05-02 06:05:00+10:00,38.488,18502.09
2026-05-02 06:10:00+10:00,38.454,18634.68
2026-05-02 06:15:00+10:00,38.49,18725.83
2026-05-02 06:20:00+10:00,38.47,18799.63
2026-05-02 06:25:00+10:00,38.586,18895.75
2026-05-02 06:30:00+10:00,38.608,19011.06
2026-05-02 06:35:00+10:00,38.558,18988.52
2026-05-02 06:40:00+10:00,40.0,19249.0
2026-05-02 06:45:00+10:00,40.162,19322.38
2026-05-02 06:50:00+10:00,37.36,19225.23
2026-05-02 06:55:00+10:00,39.29,19248.27
2026-05-02 07:00:00+10:00,37.084,19249.17
2026-05-02 07:05:00+10:00,36.484,19185.96
2026-05-02 07:10:00+10:00,36.534,19269.68
2026-05-02 07:15:00+10:00,36.378,19285.78
2026-05-02 07:20:00+10:00,16.392,19170.75
2026-05-02 07:25:00+10:00,29.104,19148.35
2026-05-02 07:30:00+10:00,36.274,19076.96
2026-05-02 07:35:00+10:00,23.252,18981.26
2026-05-02 07:40:00+10:00,29.652,19054.07
2026-05-02 07:45:00+10:00,23.082,18962.27
2026-05-02 07:50:00+10:00,19.908,18977.51
2026-05-02 07:55:00+10:00,20.236,18842.56
2026-05-02 08:00:00+10:00,14.388,18834.47
2026-05-02 08:05:00+10:00,31.484,18987.37
2026-05-02 08:10:00+10:00,32.992,19118.06
2026-05-02 08:15:00+10:00,32.42,18995.15
2026-05-02 08:20:00+10:00,31.088,18868.07
2026-05-02 08:25:00+10:00,31.292,18809.55
2026-05-02 08:30:00+10:00,31.19,18763.3
2026-05-02 08:35:00+10:00,28.968,18717.57
2026-05-02 08:40:00+10:00,23.69,18655.7
2026-05-02 08:45:00+10:00,23.572,18579.19
2026-05-02 08:50:00+10:00,23.556,18500.55
2026-05-02 08:55:00+10:00,23.578,18371.56
2026-05-02 09:00:00+10:00,28.652,18288.72
2026-05-02 09:05:00+10:00,23.79,18259.69
2026-05-02 09:10:00+10:00,23.54,18142.13
2026-05-02 09:15:00+10:00,19.248,18145.82
2026-05-02 09:20:00+10:00,17.134,18138.43
2026-05-02 09:25:00+10:00,19.04,18026.09
2026-05-02 09:30:00+10:00,22.752,18024.61
2026-05-02 09:35:00+10:00,22.774,17898.86
2026-05-02 09:40:00+10:00,14.382,17993.21
2026-05-02 09:45:00+10:00,18.076,17934.18
2026-05-02 09:50:00+10:00,19.72,17858.67
2026-05-02 09:55:00+10:00,18.906,17831.85
2026-05-02 10:00:00+10:00,16.766,17784.91
2026-05-02 10:05:00+10:00,14.47,17674.02
2026-05-02 10:10:00+10:00,17.964,17661.28
2026-05-02 10:15:00+10:00,14.148,17602.63
2026-05-02 10:20:00+10:00,16.738,17594.13
2026-05-02 10:25:00+10:00,15.198,17459.44
2026-05-02 10:30:00+10:00,16.386,17174.87
2026-05-02 10:35:00+10:00,14.334,17086.48
2026-05-02 10:40:00+10:00,20.6,17194.28
2026-05-02 10:45:00+10:00,14.644,16967.6
2026-05-02 10:50:00+10:00,13.638,16849.23
2026-05-02 10:55:00+10:00,13.93,17200.73
2026-05-02 11:00:00+10:00,13.47,17197.49
2026-05-02 11:05:00+10:00,13.884,17154.64
2026-05-02 11:10:00+10:00,14.486,17379.81
2026-05-02 11:15:00+10:00,19.368,17523.54
2026-05-02 11:20:00+10:00,14.56,17520.02
2026-05-02 11:25:00+10:00,19.648,17698.32
2026-05-02 11:30:00+10:00,18.812,17696.71
2026-05-02 11:35:00+10:00,14.866,17484.66
2026-05-02 11:40:00+10:00,20.524,17782.24
2026-05-02 11:45:00+10:00,20.034,17745.13
2026-05-02 11:50:00+10:00,20.042,17783.91
2026-05-02 11:55:00+10:00,19.748,17715.64
2026-05-02 12:00:00+10:00,16.64,17705.38
2026-05-02 12:05:00+10:00,18.81,17631.66
2026-05-02 12:10:00+10:00,22.828,17752.19
2026-05-02 12:15:00+10:00,23.724,17514.78
2026-05-02 12:20:00+10:00,23.668,17416.17
2026-05-02 12:25:00+10:00,22.494,17371.37
2026-05-02 12:30:00+10:00,22.026,17210.48
2026-05-02 12:35:00+10:00,19.308,17223.39
2026-05-02 12:40:00+10:00,21.704,17247.26
2026-05-02 12:45:00+10:00,23.244,17250.8
2026-05-02 12:50:00+10:00,21.79,17272.56
2026-05-02 12:55:00+10:00,21.382,17325.25
2026-05-02 13:00:00+10:00,22.024,17484.4
2026-05-02 13:05:00+10:00,25.124,17526.48
2026-05-02 13:10:00+10:00,21.452,17649.07
2026-05-02 13:15:00+10:00,17.268,17528.96
2026-05-02 13:20:00+10:00,17.738,17611.39
2026-05-02 13:25:00+10:00,17.836,17660.33
2026-05-02 13:30:00+10:00,17.354,17591.74
2026-05-02 13:35:00+10:00,17.538,17638.06
2026-05-02 13:40:00+10:00,16.746,17772.82
2026-05-02 13:45:00+10:00,16.406,17634.5
2026-05-02 13:50:00+10:00,18.39,17650.37
2026-05-02 13:55:00+10:00,18.906,17578.68
2026-05-02 14:00:00+10:00,26.094,17594.44
2026-05-02 14:05:00+10:00,18.444,17700.51
2026-05-02 14:10:00+10:00,25.594,17930.75
2026-05-02 14:15:00+10:00,22.456,17860.35
2026-05-02 14:20:00+10:00,17.854,17775.26
2026-05-02 14:25:00+10:00,22.762,17843.53
2026-05-02 14:30:00+10:00,41.424,18096.67
2026-05-02 14:35:00+10:00,57.97,18248.73
2026-05-02 14:40:00+10:00,44.16,18408.49
2026-05-02 14:45:00+10:00,34.144,18549.63
2026-05-02 14:50:00+10:00,44.092,18774.27
2026-05-02 14:55:00+10:00,46.176,18945.55
2026-05-02 15:00:00+10:00,44.962,19081.05
2026-05-02 15:05:00+10:00,42.634,18968.7
2026-05-02 15:10:00+10:00,47.282,19247.81
2026-05-02 15:15:00+10:00,41.348,19569.54
2026-05-02 15:20:00+10:00,41.792,19894.43
2026-05-02 15:25:00+10:00,42.196,20021.09
2026-05-02 15:30:00+10:00,41.25,20015.56
2026-05-02 15:35:00+10:00,32.878,19985.47
2026-05-02 15:40:00+10:00,33.2,20217.21
2026-05-02 15:45:00+10:00,38.896,20417.15
2026-05-02 15:50:00+10:00,39.46,20400.87
2026-05-02 15:55:00+10:00,44.766,20497.18
2026-05-02 16:00:00+10:00,45.638,20806.43
2026-05-02 16:05:00+10:00,41.42,21011.55
2026-05-02 16:10:00+10:00,38.95,21228.42
2026-05-02 16:15:00+10:00,41.812,21444.29
2026-05-02 16:20:00+10:00,45.312,21503.19
2026-05-02 16:25:00+10:00,39.182,21681.17
2026-05-02 16:30:00+10:00,38.532,21925.68
2026-05-02 16:35:00+10:00,39.678,22140.39
2026-05-02 16:40:00+10:00,40.89,22207.1
2026-05-02 16:45:00+10:00,41.84,22438.79
2026-05-02 16:50:00+10:00,45.594,22599.21
2026-05-02 16:55:00+10:00,45.258,22738.68
2026-05-02 17:00:00+10:00,45.352,22833.52
2026-05-02 17:05:00+10:00,44.312,23036.98
2026-05-02 17:10:00+10:00,42.882,22971.65
2026-05-02 17:15:00+10:00,41.138,23080.09
2026-05-02 17:20:00+10:00,41.16,23278.02
2026-05-02 17:25:00+10:00,41.286,23167.63
2026-05-02 17:30:00+10:00,41.314,23321.36
2026-05-02 17:35:00+10:00,44.836,23530.67
2026-05-02 17:40:00+10:00,43.186,23697.46
2026-05-02 17:45:00+10:00,41.204,23825.09
2026-05-02 17:50:00+10:00,45.186,23866.09
2026-05-02 17:55:00+10:00,39.72,23832.79
2026-05-02 18:00:00+10:00,43.258,23897.88
2026-05-02 18:05:00+10:00,43.118,23877.77
2026-05-02 18:10:00+10:00,42.934,23803.65
2026-05-02 18:15:00+10:00,40.488,23738.34
2026-05-02 18:20:00+10:00,40.252,23725.54
2026-05-02 18:25:00+10:00,40.488,23595.2
2026-05-02 18:30:00+10:00,40.49,23502.09
2026-05-02 18:35:00+10:00,42.71,23390.41
2026-05-02 18:40:00+10:00,40.44,23255.37
2026-05-02 18:45:00+10:00,40.462,23395.36
2026-05-02 18:50:00+10:00,35.974,23335.24
2026-05-02 18:55:00+10:00,40.942,23110.59
2026-05-02 19:00:00+10:00,40.948,22979.43
2026-05-02 19:05:00+10:00,40.644,22821.14
2026-05-02 19:10:00+10:00,40.572,22808.27
2026-05-02 19:15:00+10:00,42.388,22804.52
2026-05-02 19:20:00+10:00,38.718,22706.9
2026-05-02 19:25:00+10:00,41.838,22611.75
2026-05-02 19:30:00+10:00,39.624,22594.79
2026-05-02 19:35:00+10:00,42.054,22451.31
2026-05-02 19:40:00+10:00,42.198,22414.78
2026-05-02 19:45:00+10:00,40.532,22303.62
2026-05-02 19:50:00+10:00,40.532,22251.27
2026-05-02 19:55:00+10:00,40.688,22280.81
2026-05-02 20:00:00+10:00,38.71,22090.16
2026-05-02 20:05:00+10:00,40.224,22043.86
2026-05-02 20:10:00+10:00,42.688,22056.97
2026-05-02 20:15:00+10:00,42.138,21948.08
2026-05-02 20:20:00+10:00,37.58,21818.5
2026-05-02 20:25:00+10:00,36.634,21809.47
2026-05-02 20:30:00+10:00,36.638,21768.46
2026-05-02 20:35:00+10:00,36.702,21682.85
2026-05-02 20:40:00+10:00,32.544,21457.54
2026-05-02 20:45:00+10:00,32.19,21354.22
2026-05-02 20:50:00+10:00,35.946,21362.84
2026-05-02 20:55:00+10:00,38.256,21391.88
2026-05-02 21:00:00+10:00,38.246,21338.32
2026-05-02 21:05:00+10:00,39.754,21280.95
2026-05-02 21:10:00+10:00,37.302,21207.07
2026-05-02 21:15:00+10:00,37.404,21186.48
2026-05-02 21:20:00+10:00,37.962,21214.64
2026-05-02 21:25:00+10:00,36.652,21175.79
2026-05-02 21:30:00+10:00,37.984,21269.75
2026-05-02 21:35:00+10:00,37.672,21032.62
2026-05-02 21:40:00+10:00,39.55,21117.39
2026-05-02 21:45:00+10:00,38.884,21090.34
2026-05-02 21:50:00+10:00,38.992,20975.29
2026-05-02 21:55:00+10:00,39.654,21028.84
2026-05-02 22:00:00+10:00,38.978,20889.01
2026-05-02 22:05:00+10:00,31.662,20699.48
2026-05-02 22:10:00+10:00,37.712,20840.83
2026-05-02 22:15:00+10:00,34.444,20756.75
2026-05-02 22:20:00+10:00,31.912,20764.36
2026-05-02 22:25:00+10:00,36.902,20713.42
2026-05-02 22:30:00+10:00,29.65,20573.21
2026-05-02 22:35:00+10:00,37.09,20607.3
2026-05-02 22:40:00+10:00,38.858,20688.14
2026-05-02 22:45:00+10:00,38.178,20594.46
2026-05-02 22:50:00+10:00,36.182,20475.15
2026-05-02 22:55:00+10:00,35.044,20161.94
2026-05-02 23:00:00+10:00,31.76,20131.83
2026-05-02 23:05:00+10:00,29.68,20260.79
2026-05-02 23:10:00+10:00,37.836,20305.93
2026-05-02 23:15:00+10:00,36.498,20317.68
2026-05-02 23:20:00+10:00,38.604,20272.04
2026-05-02 23:25:00+10:00,36.348,20212.77
2026-05-02 23:30:00+10:00,36.632,20266.25
2026-05-02 23:35:00+10:00,31.034,20159.04
2026-05-02 23:40:00+10:00,37.82,20150.5
2026-05-02 23:45:00+10:00,37.582,20060.04
2026-05-02 23:50:00+10:00,37.57,19983.78
2026-05-02 23:55:00+10:00,39.71,19923.37
2026-05-03 00:00:00+10:00,26.448,19862.92
2026-05-03 00:05:00+10:00,37.066,19796.76
2026-05-03 00:10:00+10:00,39.146,19798.52
2026-05-03 00:15:00+10:00,39.356,19702.46
2026-05-03 00:20:00+10:00,39.35,19617.63
2026-05-03 00:25:00+10:00,32.52,19488.42
2026-05-03 00:30:00+10:00,35.26,19468.23
2026-05-03 00:35:00+10:00,39.362,19476.23
2026-05-03 00:40:00+10:00,39.362,19477.25
2026-05-03 00:45:00+10:00,35.25,19212.45
2026-05-03 00:50:00+10:00,36.892,19308.13
2026-05-03 00:55:00+10:00,36.974,19174.34
2026-05-03 01:00:00+10:00,31.626,19015.85
2026-05-03 01:05:00+10:00,31.746,18982.97
2026-05-03 01:10:00+10:00,30.194,18905.2
2026-05-03 01:15:00+10:00,30.286,18827.07
2026-05-03 01:20:00+10:00,31.69,18770.78
2026-05-03 01:25:00+10:00,31.738,18765.48
2026-05-03 01:30:00+10:00,30.42,18637.74
2026-05-03 01:35:00+10:00,33.956,18521.78
2026-05-03 01:40:00+10:00,39.592,18685.51
2026-05-03 01:45:00+10:00,38.986,18678.84
2026-05-03 01:50:00+10:00,38.992,18545.05
2026-05-03 01:55:00+10:00,38.986,18433.27
2026-05-03 02:00:00+10:00,34.23,18329.09
2026-05-03 02:05:00+10:00,39.654,18339.69
2026-05-03 02:10:00+10:00,39.072,18230.94
2026-05-03 02:15:00+10:00,35.724,18176.07
2026-05-03 02:20:00+10:00,35.708,18077.85
2026-05-03 02:25:00+10:00,35.712,18024.27
2026-05-03 02:30:00+10:00,37.956,17944.13
2026-05-03 02:35:00+10:00,38.11,17858.07
2026-05-03 02:40:00+10:00,37.86,17850.0
2026-05-03 02:45:00+10:00,37.972,17891.19
2026-05-03 02:50:00+10:00,37.926,17773.94
2026-05-03 02:55:00+10:00,37.876,17908.99
2026-05-03 03:00:00+10:00,37.83,17854.85
2026-05-03 03:05:00+10:00,35.436,17812.44
2026-05-03 03:10:00+10:00,35.512,17799.71
2026-05-03 03:15:00+10:00,35.598,17601.72
2026-05-03 03:20:00+10:00,36.068,17804.22
2026-05-03 03:25:00+10:00,35.508,17775.56
2026-05-03 03:30:00+10:00,34.95,17757.64
2026-05-03 03:35:00+10:00,33.502,17611.51
2026-05-03 03:40:00+10:00,35.374,17556.8
2026-05-03 03:45:00+10:00,35.524,17627.87
2026-05-03 03:50:00+10:00,34.95,17629.14
2026-05-03 03:55:00+10:00,34.894,17428.4
2026-05-03 04:00:00+10:00,34.91,17434.8
2026-05-03 04:05:00+10:00,35.116,17498.94
2026-05-03 04:10:00+10:00,37.456,17514.3
2026-05-03 04:15:00+10:00,35.254,17390.17
2026-05-03 04:20:00+10:00,37.474,17438.79
2026-05-03 04:25:00+10:00,37.518,17448.91
2026-05-03 04:30:00+10:00,37.458,17434.45
2026-05-03 04:35:00+10:00,35.304,17466.5
2026-05-03 04:40:00+10:00,34.57,17415.51
2026-05-03 04:45:00+10:00,35.13,17495.24
2026-05-03 04:50:00+10:00,30.538,17486.28
2026-05-03 04:55:00+10:00,35.642,17597.94
2026-05-03 05:00:00+10:00,37.628,17622.76
2026-05-03 05:05:00+10:00,35.802,17698.3
2026-05-03 05:10:00+10:00,37.604,17571.55
2026-05-03 05:15:00+10:00,34.496,17615.86
2026-05-03 05:20:00+10:00,34.686,17656.12
2026-05-03 05:25:00+10:00,34.644,17605.36
2026-05-03 05:30:00+10:00,34.62,17735.12
2026-05-03 05:35:00+10:00,35.218,17721.7
2026-05-03 05:40:00+10:00,35.232,17706.77
2026-05-03 05:45:00+10:00,34.932,17828.56
2026-05-03 05:50:00+10:00,35.336,17796.84
2026-05-03 05:55:00+10:00,35.164,17852.8
2026-05-03 06:00:00+10:00,34.638,17810.51
2026-05-03 06:05:00+10:00,35.144,17792.44
2026-05-03 06:10:00+10:00,38.534,17883.77
2026-05-03 06:15:00+10:00,38.174,18045.44
2026-05-03 06:20:00+10:00,35.542,18051.78
2026-05-03 06:25:00+10:00,35.298,18110.57
2026-05-03 06:30:00+10:00,35.234,18122.16
2026-05-03 06:35:00+10:00,37.256,18289.63
2026-05-03 06:40:00+10:00,34.658,18232.82
2026-05-03 06:45:00+10:00,34.596,18291.68
2026-05-03 06:50:00+10:00,35.222,18263.49
2026-05-03 06:55:00+10:00,34.692,18210.13
2026-05-03 07:00:00+10:00,34.834,18256.44
2026-05-03 07:05:00+10:00,35.128,18222.95
2026-05-03 07:10:00+10:00,35.172,18178.87
2026-05-03 07:15:00+10:00,34.846,18279.59
2026-05-03 07:20:00+10:00,33.9,18248.46
2026-05-03 07:25:00+10:00,27.06,18176.75
2026-05-03 07:30:00+10:00,20.122,18114.11
2026-05-03 07:35:00+10:00,26.192,18104.66
2026-05-03 07:40:00+10:00,25.646,17965.8
2026-05-03 07:45:00+10:00,23.498,17888.54
2026-05-03 07:50:00+10:00,33.62,17885.6
2026-05-03 07:55:00+10:00,23.548,17522.36
2026-05-03 08:00:00+10:00,15.274,17465.65
2026-05-03 08:05:00+10:00,25.048,17531.95
2026-05-03 08:10:00+10:00,21.788,17554.72
2026-05-03 08:15:00+10:00,20.044,17480.91
2026-05-03 08:20:00+10:00,20.446,17360.47
2026-05-03 08:25:00+10:00,20.594,17448.98
2026-05-03 08:30:00+10:00,19.15,17260.52
2026-05-03 08:35:00+10:00,15.042,17121.35
2026-05-03 08:40:00+10:00,17.904,17019.84
2026-05-03 08:45:00+10:00,15.04,16886.99
2026-05-03 08:50:00+10:00,15.04,17014.7
2026-05-03 08:55:00+10:00,15.29,16971.98
2026-05-03 09:00:00+10:00,15.278,16989.85
2026-05-03 09:05:00+10:00,17.206,16863.9
2026-05-03 09:10:00+10:00,18.174,16897.39
2026-05-03 09:15:00+10:00,22.724,16786.36
2026-05-03 09:20:00+10:00,25.326,16812.93
2026-05-03 09:25:00+10:00,22.508,16787.84
2026-05-03 09:30:00+10:00,17.466,16877.77
2026-05-03 09:35:00+10:00,25.184,16831.04
2026-05-03 09:40:00+10:00,25.318,16962.32
2026-05-03 09:45:00+10:00,27.544,16922.94
2026-05-03 09:50:00+10:00,21.936,16745.0
2026-05-03 09:55:00+10:00,21.974,16648.72
2026-05-03 10:00:00+10:00,16.874,16524.36
2026-05-03 10:05:00+10:00,16.786,16464.29
2026-05-03 10:10:00+10:00,22.02,16708.41
2026-05-03 10:15:00+10:00,19.344,16681.49
2026-05-03 10:20:00+10:00,17.032,16628.41
2026-05-03 10:25:00+10:00,20.11,16592.18
2026-05-03 10:30:00+10:00,19.544,16502.03
2026-05-03 10:35:00+10:00,16.448,16383.23
2026-05-03 10:40:00+10:00,16.478,16449.68
2026-05-03 10:45:00+10:00,16.45,16360.91
2026-05-03 10:50:00+10:00,17.048,16387.8
2026-05-03 10:55:00+10:00,16.83,16426.13
2026-05-03 11:00:00+10:00,16.48,16326.86
2026-05-03 11:05:00+10:00,18.238,16395.2
2026-05-03 11:10:00+10:00,18.178,16495.29
2026-05-03 11:15:00+10:00,19.74,16653.38
2026-05-03 11:20:00+10:00,19.564,16606.65
2026-05-03 11:25:00+10:00,20.352,16949.8
2026-05-03 11:30:00+10:00,20.346,16765.48
2026-05-03 11:35:00+10:00,19.85,16628.67
2026-05-03 11:40:00+10:00,22.506,16602.48
2026-05-03 11:45:00+10:00,17.028,16519.92
2026-05-03 11:50:00+10:00,18.09,16594.04
2026-05-03 11:55:00+10:00,17.932,16436.19
2026-05-03 12:00:00+10:00,17.758,16102.95
2026-05-03 12:05:00+10:00,16.518,15874.75
2026-05-03 12:10:00+10:00,15.804,15854.1
2026-05-03 12:15:00+10:00,15.522,15847.22
2026-05-03 12:20:00+10:00,15.578,15660.16
2026-05-03 12:25:00+10:00,15.392,15460.43
2026-05-03 12:30:00+10:00,15.73,15487.09
2026-05-03 12:35:00+10:00,15.738,15688.61
2026-05-03 12:40:00+10:00,15.392,15757.99
2026-05-03 12:45:00+10:00,15.702,16025.39
2026-05-03 12:50:00+10:00,15.986,16140.94
2026-05-03 12:55:00+10:00,16.702,16171.28
2026-05-03 13:00:00+10:00,16.502,16569.49
2026-05-03 13:05:00+10:00,17.374,16558.88
2026-05-03 13:10:00+10:00,19.594,16501.11
2026-05-03 13:15:00+10:00,18.788,16436.07
2026-05-03 13:20:00+10:00,15.044,16349.55
2026-05-03 13:25:00+10:00,13.168,16355.07
2026-05-03 13:30:00+10:00,12.354,16301.1
2026-05-03 13:35:00+10:00,17.628,16450.85
2026-05-03 13:40:00+10:00,20.718,16455.31
2026-05-03 13:45:00+10:00,20.768,16458.83
2026-05-03 13:50:00+10:00,20.948,16548.02
2026-05-03 13:55:00+10:00,21.32,16509.32
2026-05-03 14:00:00+10:00,21.376,16713.24
2026-05-03 14:05:00+10:00,21.366,16597.48
2026-05-03 14:10:00+10:00,23.826,16683.67
2026-05-03 14:15:00+10:00,31.65,16816.75
2026-05-03 14:20:00+10:00,25.546,16898.89
2026-05-03 14:25:00+10:00,24.642,16986.87
2026-05-03 14:30:00+10:00,31.94,17222.45
2026-05-03 14:35:00+10:00,30.378,17483.0
2026-05-03 14:40:00+10:00,30.154,17526.49
2026-05-03 14:45:00+10:00,15.88,17611.49
2026-05-03 14:50:00+10:00,25.624,17804.01
2026-05-03 14:55:00+10:00,33.326,17911.35
2026-05-03 15:00:00+10:00,33.206,18029.1
2026-05-03 15:05:00+10:00,29.148,17991.21
2026-05-03 15:10:00+10:00,30.498,18165.02
2026-05-03 15:15:00+10:00,29.212,18258.87
2026-05-03 15:20:00+10:00,36.618,18470.57
2026-05-03 15:25:00+10:00,37.452,18740.1
2026-05-03 15:30:00+10:00,37.266,19092.16
2026-05-03 15:35:00+10:00,36.932,19227.09
2026-05-03 15:40:00+10:00,37.412,19507.46
2026-05-03 15:45:00+10:00,37.622,19758.36
2026-05-03 15:50:00+10:00,37.836,19849.72
2026-05-03 15:55:00+10:00,40.614,20027.35
2026-05-03 16:00:00+10:00,42.852,20221.91
2026-05-03 16:05:00+10:00,38.82,20459.85
2026-05-03 16:10:00+10:00,40.754,20627.94
2026-05-03 16:15:00+10:00,40.75,20684.58
2026-05-03 16:20:00+10:00,42.046,20983.11
2026-05-03 16:25:00+10:00,42.882,21222.31
2026-05-03 16:30:00+10:00,43.984,21429.22
2026-05-03 16:35:00+10:00,41.984,21614.12
2026-05-03 16:40:00+10:00,42.19,21815.13
2026-05-03 16:45:00+10:00,42.406,21948.44
2026-05-03 16:50:00+10:00,42.636,22183.22
2026-05-03 16:55:00+10:00,42.572,22260.75
2026-05-03 17:00:00+10:00,45.83,22478.57
2026-05-03 17:05:00+10:00,42.662,22843.22
2026-05-03 17:10:00+10:00,41.072,22961.21
2026-05-03 17:15:00+10:00,41.188,23270.16
2026-05-03 17:20:00+10:00,43.588,23295.67
2026-05-03 17:25:00+10:00,47.498,23585.76
2026-05-03 17:30:00+10:00,47.534,23674.35
2026-05-03 17:35:00+10:00,47.974,23866.24
2026-05-03 17:40:00+10:00,46.606,23954.93
2026-05-03 17:45:00+10:00,49.89,24203.37
2026-05-03 17:50:00+10:00,47.08,24358.11
2026-05-03 17:55:00+10:00,47.134,24374.44
2026-05-03 18:00:00+10:00,52.226,24478.19
2026-05-03 18:05:00+10:00,60.51,24526.87
2026-05-03 18:10:00+10:00,52.34,24313.59
2026-05-03 18:15:00+10:00,48.234,24308.23
2026-05-03 18:20:00+10:00,46.924,24264.58
2026-05-03 18:25:00+10:00,46.382,24160.1
2026-05-03 18:30:00+10:00,46.648,24254.28
2026-05-03 18:35:00+10:00,44.108,24186.2
2026-05-03 18:40:00+10:00,47.068,24058.35
2026-05-03 18:45:00+10:00,44.054,23954.44
2026-05-03 18:50:00+10:00,44.868,23905.87
2026-05-03 18:55:00+10:00,43.934,23836.6
2026-05-03 19:00:00+10:00,46.736,23792.62
2026-05-03 19:05:00+10:00,43.654,23555.98
2026-05-03 19:10:00+10:00,43.65,23456.91
2026-05-03 19:15:00+10:00,46.956,23361.37
2026-05-03 19:20:00+10:00,43.808,23308.57
2026-05-03 19:25:00+10:00,38.718,23150.23
2026-05-03 19:30:00+10:00,38.576,23018.35
2026-05-03 19:35:00+10:00,41.866,23048.24
2026-05-03 19:40:00+10:00,39.822,22941.09
2026-05-03 19:45:00+10:00,43.578,22883.13
2026-05-03 19:50:00+10:00,42.678,22859.87
2026-05-03 19:55:00+10:00,38.546,22685.23
2026-05-03 20:00:00+10:00,42.93,22735.81
2026-05-03 20:05:00+10:00,42.758,22611.59
2026-05-03 20:10:00+10:00,42.754,22530.43
2026-05-03 20:15:00+10:00,41.226,22550.07
2026-05-03 20:20:00+10:00,38.608,22398.32
2026-05-03 20:25:00+10:00,41.076,22349.05
2026-05-03 20:30:00+10:00,41.142,22335.04
2026-05-03 20:35:00+10:00,44.008,22217.9
2026-05-03 20:40:00+10:00,42.346,22248.12
2026-05-03 20:45:00+10:00,44.524,22230.31
2026-05-03 20:50:00+10:00,41.734,22184.74
2026-05-03 20:55:00+10:00,44.732,22245.75
2026-05-03 21:00:00+10:00,42.15,22009.7
2026-05-03 21:05:00+10:00,39.968,21941.26
2026-05-03 21:10:00+10:00,41.354,21989.4
2026-05-03 21:15:00+10:00,37.194,21740.27
2026-05-03 21:20:00+10:00,37.218,21614.72
2026-05-03 21:25:00+10:00,37.36,21573.8
2026-05-03 21:30:00+10:00,37.33,21526.7
2026-05-03 21:35:00+10:00,39.536,21329.12
2026-05-03 21:40:00+10:00,39.54,21431.44
2026-05-03 21:45:00+10:00,36.986,21331.94
2026-05-03 21:50:00+10:00,36.986,21237.01
2026-05-03 21:55:00+10:00,36.27,21112.51
2026-05-03 22:00:00+10:00,36.646,21027.47
2026-05-03 22:05:00+10:00,41.664,20732.07
2026-05-03 22:10:00+10:00,39.56,20819.9
2026-05-03 22:15:00+10:00,39.626,20729.79
2026-05-03 22:20:00+10:00,44.25,20750.68
2026-05-03 22:25:00+10:00,39.934,20641.79
2026-05-03 22:30:00+10:00,37.636,20514.83
2026-05-03 22:35:00+10:00,37.102,20394.48
2026-05-03 22:40:00+10:00,35.896,20293.61
2026-05-03 22:45:00+10:00,35.638,20178.56
2026-05-03 22:50:00+10:00,39.114,20202.62
2026-05-03 22:55:00+10:00,38.156,20044.31
2026-05-03 23:00:00+10:00,36.086,20028.75
2026-05-03 23:05:00+10:00,41.276,19975.96
2026-05-03 23:10:00+10:00,40.652,20103.78
2026-05-03 23:15:00+10:00,40.204,20073.04
2026-05-03 23:20:00+10:00,38.952,20005.53
2026-05-03 23:25:00+10:00,35.93,19793.4
2026-05-03 23:30:00+10:00,36.73,19826.55
2026-05-03 23:35:00+10:00,36.886,19845.44
2026-05-03 23:40:00+10:00,40.474,19903.63
2026-05-03 23:45:00+10:00,38.704,19825.23
2026-05-03 23:50:00+10:00,36.494,19749.35
2026-05-03 23:55:00+10:00,37.01,19707.87
2026-05-04 00:00:00+10:00,37.046,19588.26
2026-05-04 00:05:00+10:00,42.986,19468.0
2026-05-04 00:10:00+10:00,41.67,19646.12
2026-05-04 00:15:00+10:00,41.552,19395.48
2026-05-04 00:20:00+10:00,42.698,19449.9
2026-05-04 00:25:00+10:00,42.5,19376.59
2026-05-04 00:30:00+10:00,41.532,19278.85
2026-05-04 00:35:00+10:00,42.046,19279.89
2026-05-04 00:40:00+10:00,42.64,19335.69
2026-05-04 00:45:00+10:00,43.784,19122.09
2026-05-04 00:50:00+10:00,43.612,19150.74
2026-05-04 00:55:00+10:00,43.052,19120.16
2026-05-04 01:00:00+10:00,37.08,19015.9
2026-05-04 01:05:00+10:00,37.67,18902.48
2026-05-04 01:10:00+10:00,35.456,18693.21
2026-05-04 01:15:00+10:00,36.088,18668.78
2026-05-04 01:20:00+10:00,35.796,18542.3
2026-05-04 01:25:00+10:00,35.69,18441.14
2026-05-04 01:30:00+10:00,35.866,18437.9
2026-05-04 01:35:00+10:00,36.088,18374.78
2026-05-04 01:40:00+10:00,41.944,18512.89
2026-05-04 01:45:00+10:00,36.312,18358.41
2026-05-04 01:50:00+10:00,36.09,18326.48
2026-05-04 01:55:00+10:00,35.502,18254.65
2026-05-04 02:00:00+10:00,35.486,18053.91
2026-05-04 02:05:00+10:00,39.888,18107.07
2026-05-04 02:10:00+10:00,36.624,18012.36
2026-05-04 02:15:00+10:00,38.846,17999.86
2026-05-04 02:20:00+10:00,35.282,17973.1
2026-05-04 02:25:00+10:00,35.894,18003.55
2026-05-04 02:30:00+10:00,44.612,18028.34
2026-05-04 02:35:00+10:00,37.484,17934.4
2026-05-04 02:40:00+10:00,36.962,17978.79
2026-05-04 02:45:00+10:00,37.13,17950.06
2026-05-04 02:50:00+10:00,37.048,17825.53
2026-05-04 02:55:00+10:00,35.828,17772.0
2026-05-04 03:00:00+10:00,36.83,17811.01
2026-05-04 03:05:00+10:00,42.416,17789.15
2026-05-04 03:10:00+10:00,36.45,17660.88
2026-05-04 03:15:00+10:00,41.48,17584.44
2026-05-04 03:20:00+10:00,42.736,17705.96
2026-05-04 03:25:00+10:00,37.932,17564.24
2026-05-04 03:30:00+10:00,41.46,17528.36
2026-05-04 03:35:00+10:00,41.392,17621.82
2026-05-04 03:40:00+10:00,37.318,17596.04
2026-05-04 03:45:00+10:00,41.298,17640.07
2026-05-04 03:50:00+10:00,35.666,17456.92
2026-05-04 03:55:00+10:00,35.568,17411.96
2026-05-04 04:00:00+10:00,35.646,17503.08
2026-05-04 04:05:00+10:00,38.274,17538.83
2026-05-04 04:10:00+10:00,38.264,17623.26
2026-05-04 04:15:00+10:00,38.08,17664.3
2026-05-04 04:20:00+10:00,35.782,17741.7
2026-05-04 04:25:00+10:00,34.954,17711.79
2026-05-04 04:30:00+10:00,35.344,17790.71
2026-05-04 04:35:00+10:00,34.99,17734.17
2026-05-04 04:40:00+10:00,35.53,17799.91
2026-05-04 04:45:00+10:00,37.864,17868.16
2026-05-04 04:50:00+10:00,38.978,17993.28
2026-05-04 04:55:00+10:00,39.654,18050.23
2026-05-04 05:00:00+10:00,43.544,18140.03
2026-05-04 05:05:00+10:00,38.058,18107.16
2026-05-04 05:10:00+10:00,37.04,18355.94
2026-05-04 05:15:00+10:00,41.148,18498.66
2026-05-04 05:20:00+10:00,36.578,18373.93
2026-05-04 05:25:00+10:00,36.748,18428.95
2026-05-04 05:30:00+10:00,41.08,18575.91
2026-05-04 05:35:00+10:00,36.818,18694.88
2026-05-04 05:40:00+10:00,40.412,18813.44
2026-05-04 05:45:00+10:00,35.708,18811.45
2026-05-04 05:50:00+10:00,36.868,18915.54
2026-05-04 05:55:00+10:00,43.626,19234.76
2026-05-04 06:00:00+10:00,44.798,19196.58
2026-05-04 06:05:00+10:00,38.128,19335.25
2026-05-04 06:10:00+10:00,42.894,19749.13
2026-05-04 06:15:00+10:00,43.46,19978.52
2026-05-04 06:20:00+10:00,44.048,20123.16
2026-05-04 06:25:00+10:00,41.586,20111.4
2026-05-04 06:30:00+10:00,41.132,20209.73
2026-05-04 06:35:00+10:00,37.364,20272.19
2026-05-04 06:40:00+10:00,41.628,20656.59
2026-05-04 06:45:00+10:00,38.834,20838.26
2026-05-04 06:50:00+10:00,41.45,20818.31
2026-05-04 06:55:00+10:00,30.914,20920.06
2026-05-04 07:00:00+10:00,39.37,21107.13
2026-05-04 07:05:00+10:00,39.47,21273.26
2026-05-04 07:10:00+10:00,39.496,21308.09
2026-05-04 07:15:00+10:00,39.638,21465.05
2026-05-04 07:20:00+10:00,43.58,21584.83
2026-05-04 07:25:00+10:00,43.326,21526.52
2026-05-04 07:30:00+10:00,39.76,21462.91
2026-05-04 07:35:00+10:00,40.03,21512.83
2026-05-04 07:40:00+10:00,33.018,21461.97
2026-05-04 07:45:00+10:00,39.988,21469.08
2026-05-04 07:50:00+10:00,29.85,21491.03
2026-05-04 07:55:00+10:00,33.144,21359.87
2026-05-04 08:00:00+10:00,36.318,21229.6
2026-05-04 08:05:00+10:00,33.6,21157.55
2026-05-04 08:10:00+10:00,33.38,21287.99
2026-05-04 08:15:00+10:00,34.128,21093.77
2026-05-04 08:20:00+10:00,33.914,20863.92
2026-05-04 08:25:00+10:00,32.67,20961.54
2026-05-04 08:30:00+10:00,26.99,20749.49
2026-05-04 08:35:00+10:00,31.666,20676.75
2026-05-04 08:40:00+10:00,36.732,20503.56
2026-05-04 08:45:00+10:00,35.288,20155.36
2026-05-04 08:50:00+10:00,29.904,20115.03
2026-05-04 08:55:00+10:00,29.508,19910.55
2026-05-04 09:00:00+10:00,33.758,19771.63
2026-05-04 09:05:00+10:00,35.33,19650.78
2026-05-04 09:10:00+10:00,30.324,19808.53
2026-05-04 09:15:00+10:00,35.314,19784.72
2026-05-04 09:20:00+10:00,35.47,19665.68
2026-05-04 09:25:00+10:00,30.67,19794.91
2026-05-04 09:30:00+10:00,27.908,19573.46
2026-05-04 09:35:00+10:00,38.022,19404.33
2026-05-04 09:40:00+10:00,35.536,19327.23
2026-05-04 09:45:00+10:00,37.314,19204.44
2026-05-04 09:50:00+10:00,33.502,19100.98
2026-05-04 09:55:00+10:00,32.406,19040.88
2026-05-04 10:00:00+10:00,35.196,18949.26
2026-05-04 10:05:00+10:00,31.81,18788.45
2026-05-04 10:10:00+10:00,35.968,18861.17
2026-05-04 10:15:00+10:00,34.098,18772.99
2026-05-04 10:20:00+10:00,35.772,18728.8
2026-05-04 10:25:00+10:00,34.82,18486.06
2026-05-04 10:30:00+10:00,32.384,18508.96
2026-05-04 10:35:00+10:00,31.092,18399.54
2026-05-04 10:40:00+10:00,33.922,18362.91
2026-05-04 10:45:00+10:00,28.2,18399.21
2026-05-04 10:50:00+10:00,31.32,18369.76
2026-05-04 10:55:00+10:00,33.28,18441.39
2026-05-04 11:00:00+10:00,31.108,18453.35
2026-05-04 11:05:00+10:00,38.04,18410.28
2026-05-04 11:10:00+10:00,36.202,18585.03
2026-05-04 11:15:00+10:00,35.884,18484.51
2026-05-04 11:20:00+10:00,36.072,18487.92
2026-05-04 11:25:00+10:00,39.308,18598.19
2026-05-04 11:30:00+10:00,32.028,18418.29
2026-05-04 11:35:00+10:00,33.666,18397.15
2026-05-04 11:40:00+10:00,37.994,18404.01
2026-05-04 11:45:00+10:00,34.394,18358.31
2026-05-04 11:50:00+10:00,36.304,18315.15
2026-05-04 11:55:00+10:00,34.126,18198.34
2026-05-04 12:00:00+10:00,34.098,18161.64
2026-05-04 12:05:00+10:00,34.432,18170.07
2026-05-04 12:10:00+10:00,35.39,18143.01
2026-05-04 12:15:00+10:00,36.58,18198.17
2026-05-04 12:20:00+10:00,36.576,18222.72
2026-05-04 12:25:00+10:00,36.852,18223.96
2026-05-04 12:30:00+10:00,28.688,18128.89
2026-05-04 12:35:00+10:00,29.982,18097.85
2026-05-04 12:40:00+10:00,32.236,18307.51
2026-05-04 12:45:00+10:00,31.87,18189.66
2026-05-04 12:50:00+10:00,32.334,18240.55
2026-05-04 12:55:00+10:00,33.63,18276.15
2026-05-04 13:00:00+10:00,33.75,18327.93
2026-05-04 13:05:00+10:00,34.756,18384.16
2026-05-04 13:10:00+10:00,31.496,18275.97
2026-05-04 13:15:00+10:00,31.76,18177.31
2026-05-04 13:20:00+10:00,32.002,18186.23
2026-05-04 13:25:00+10:00,32.55,18204.95
2026-05-04 13:30:00+10:00,32.62,18143.7
2026-05-04 13:35:00+10:00,31.454,18056.36
2026-05-04 13:40:00+10:00,32.222,18235.24
2026-05-04 13:45:00+10:00,32.886,18231.77
2026-05-04 13:50:00+10:00,35.522,18233.4
2026-05-04 13:55:00+10:00,33.306,18140.18
2026-05-04 14:00:00+10:00,28.534,18166.33
2026-05-04 14:05:00+10:00,32.274,18431.48
2026-05-04 14:10:00+10:00,32.08,18403.78
2026-05-04 14:15:00+10:00,32.504,18518.61
2026-05-04 14:20:00+10:00,35.3,18735.39
2026-05-04 14:25:00+10:00,33.864,19009.04
2026-05-04 14:30:00+10:00,34.482,19090.49
2026-05-04 14:35:00+10:00,32.734,19322.12
2026-05-04 14:40:00+10:00,32.606,19243.63
2026-05-04 14:45:00+10:00,36.414,19315.82
2026-05-04 14:50:00+10:00,34.602,19578.25
2026-05-04 14:55:00+10:00,33.626,19741.82
2026-05-04 15:00:00+10:00,36.772,19633.61
2026-05-04 15:05:00+10:00,27.498,20020.56
2026-05-04 15:10:00+10:00,32.88,20235.35
2026-05-04 15:15:00+10:00,33.234,20336.64
2026-05-04 15:20:00+10:00,34.09,20462.87
2026-05-04 15:25:00+10:00,31.458,20801.08
2026-05-04 15:30:00+10:00,37.134,20824.0
2026-05-04 15:35:00+10:00,32.062,21006.68
2026-05-04 15:40:00+10:00,31.32,21226.16
2026-05-04 15:45:00+10:00,34.23,21555.74
2026-05-04 15:50:00+10:00,39.194,21684.34
2026-05-04 15:55:00+10:00,41.792,21794.98
2026-05-04 16:00:00+10:00,36.388,21808.86
2026-05-04 16:05:00+10:00,32.462,22082.63
2026-05-04 16:10:00+10:00,45.278,22469.97
2026-05-04 16:15:00+10:00,46.346,22731.09
2026-05-04 16:20:00+10:00,46.816,23032.56
2026-05-04 16:25:00+10:00,52.264,23237.96
2026-05-04 16:30:00+10:00,52.556,23569.48
2026-05-04 16:35:00+10:00,45.646,23855.41
2026-05-04 16:40:00+10:00,45.226,24077.11
2026-05-04 16:45:00+10:00,47.95,24153.07
2026-05-04 16:50:00+10:00,48.746,24262.8
2026-05-04 16:55:00+10:00,54.008,24605.38
2026-05-04 17:00:00+10:00,53.81,24608.99
2026-05-04 17:05:00+10:00,59.468,24930.21
2026-05-04 17:10:00+10:00,63.056,25039.18
2026-05-04 17:15:00+10:00,60.462,25030.1
2026-05-04 17:20:00+10:00,65.366,25518.66
2026-05-04 17:25:00+10:00,66.796,25556.65
2026-05-04 17:30:00+10:00,66.582,25721.31
2026-05-04 17:35:00+10:00,66.618,25955.08
2026-05-04 17:40:00+10:00,66.858,26069.85
2026-05-04 17:45:00+10:00,67.73,26228.47
2026-05-04 17:50:00+10:00,66.208,26379.2
2026-05-04 17:55:00+10:00,67.04,26452.84
2026-05-04 18:00:00+10:00,86.274,26469.39
2026-05-04 18:05:00+10:00,81.612,26544.19
2026-05-04 18:10:00+10:00,70.886,26438.94
2026-05-04 18:15:00+10:00,59.664,26280.71
2026-05-04 18:20:00+10:00,75.072,26286.23
2026-05-04 18:25:00+10:00,63.45,26350.34
2026-05-04 18:30:00+10:00,63.756,26280.24
2026-05-04 18:35:00+10:00,77.788,26139.68
2026-05-04 18:40:00+10:00,85.948,25922.21
2026-05-04 18:45:00+10:00,71.556,25844.71
2026-05-04 18:50:00+10:00,85.046,25896.84
2026-05-04 18:55:00+10:00,68.618,25780.58
2026-05-04 19:00:00+10:00,82.26,25459.64
2026-05-04 19:05:00+10:00,68.018,25248.64
2026-05-04 19:10:00+10:00,70.134,25334.46
2026-05-04 19:15:00+10:00,64.594,25206.45
2026-05-04 19:20:00+10:00,66.77,25106.78
2026-05-04 19:25:00+10:00,66.406,25111.55
2026-05-04 19:30:00+10:00,64.376,25008.0
2026-05-04 19:35:00+10:00,67.504,24936.5
2026-05-04 19:40:00+10:00,74.712,24713.17
2026-05-04 19:45:00+10:00,66.478,24617.12
2026-05-04 19:50:00+10:00,61.64,24554.39
2026-05-04 19:55:00+10:00,61.734,24496.73
2026-05-04 20:00:00+10:00,74.756,24385.05
2026-05-04 20:05:00+10:00,77.224,24350.89
2026-05-04 20:10:00+10:00,66.156,24253.15
2026-05-04 20:15:00+10:00,66.442,24205.64
2026-05-04 20:20:00+10:00,58.684,23991.8
2026-05-04 20:25:00+10:00,59.128,23838.24
2026-05-04 20:30:00+10:00,62.614,23858.66
2026-05-04 20:35:00+10:00,68.274,23768.97
2026-05-04 20:40:00+10:00,66.112,23794.25
2026-05-04 20:45:00+10:00,66.718,23729.48
2026-05-04 20:50:00+10:00,66.588,23639.17
2026-05-04 20:55:00+10:00,63.002,23562.92
2026-05-04 21:00:00+10:00,64.724,23530.7
2026-05-04 21:05:00+10:00,76.168,23403.95
2026-05-04 21:10:00+10:00,79.218,23331.63
2026-05-04 21:15:00+10:00,76.398,23240.67
2026-05-04 21:20:00+10:00,77.018,23035.23
2026-05-04 21:25:00+10:00,65.788,23041.42
2026-05-04 21:30:00+10:00,66.918,22919.92
2026-05-04 21:35:00+10:00,65.236,22738.89
2026-05-04 21:40:00+10:00,69.238,22769.37
2026-05-04 21:45:00+10:00,65.902,22522.19
2026-05-04 21:50:00+10:00,65.64,22472.41
2026-05-04 21:55:00+10:00,65.71,22307.19
2026-05-04 22:00:00+10:00,63.622,22172.6
2026-05-04 22:05:00+10:00,74.312,21853.63
2026-05-04 22:10:00+10:00,66.742,21970.45
2026-05-04 22:15:00+10:00,66.792,21974.01
2026-05-04 22:20:00+10:00,67.414,21842.59
2026-05-04 22:25:00+10:00,72.734,21570.77
2026-05-04 22:30:00+10:00,61.14,21337.11
2026-05-04 22:35:00+10:00,59.908,21388.35
2026-05-04 22:40:00+10:00,63.458,21379.34
2026-05-04 22:45:00+10:00,60.54,21156.3
2026-05-04 22:50:00+10:00,70.432,21091.04
2026-05-04 22:55:00+10:00,65.858,21011.22
2026-05-04 23:00:00+10:00,70.824,20864.02
2026-05-04 23:05:00+10:00,71.304,20742.19
2026-05-04 23:10:00+10:00,70.096,20936.78
2026-05-04 23:15:00+10:00,59.046,20899.43
2026-05-04 23:20:00+10:00,66.178,20784.49
2026-05-04 23:25:00+10:00,68.166,20680.78
2026-05-04 23:30:00+10:00,70.358,20656.0
2026-05-04 23:35:00+10:00,69.574,20584.98
2026-05-04 23:40:00+10:00,65.164,20522.72
2026-05-04 23:45:00+10:00,69.304,20461.84
2026-05-04 23:50:00+10:00,62.346,20416.45
2026-05-04 23:55:00+10:00,66.422,20318.15
2026-05-05 00:00:00+10:00,55.376,20214.27
2026-05-05 00:05:00+10:00,67.04,20247.14
2026-05-05 00:10:00+10:00,59.352,20179.47
2026-05-05 00:15:00+10:00,66.694,20217.19
2026-05-05 00:20:00+10:00,72.596,20286.77
2026-05-05 00:25:00+10:00,68.906,20114.28
2026-05-05 00:30:00+10:00,68.39,20067.4
2026-05-05 00:35:00+10:00,73.906,20027.37
2026-05-05 00:40:00+10:00,66.658,19957.96
2026-05-05 00:45:00+10:00,65.836,19801.04
2026-05-05 00:50:00+10:00,67.796,19750.87
2026-05-05 00:55:00+10:00,66.64,19647.21
2026-05-05 01:00:00+10:00,53.268,19622.22
2026-05-05 01:05:00+10:00,68.378,19529.47
2026-05-05 01:10:00+10:00,70.116,19539.43
2026-05-05 01:15:00+10:00,55.668,19369.47
2026-05-05 01:20:00+10:00,61.124,19360.85
2026-05-05 01:25:00+10:00,57.2,19136.56
2026-05-05 01:30:00+10:00,70.138,19138.51
2026-05-05 01:35:00+10:00,57.378,19099.19
2026-05-05 01:40:00+10:00,57.872,19073.23
2026-05-05 01:45:00+10:00,66.952,18949.44
2026-05-05 01:50:00+10:00,66.56,18869.46
2026-05-05 01:55:00+10:00,66.422,18861.26
2026-05-05 02:00:00+10:00,49.288,18731.98
2026-05-05 02:05:00+10:00,55.15,18668.16
2026-05-05 02:10:00+10:00,57.394,18721.7
2026-05-05 02:15:00+10:00,57.216,18523.52
2026-05-05 02:20:00+10:00,55.414,18597.47
2026-05-05 02:25:00+10:00,57.262,18576.24
2026-05-05 02:30:00+10:00,55.134,18535.03
2026-05-05 02:35:00+10:00,57.548,18489.77
2026-05-05 02:40:00+10:00,53.46,18441.85
2026-05-05 02:45:00+10:00,48.002,18318.18
2026-05-05 02:50:00+10:00,52.866,18320.58
2026-05-05 02:55:00+10:00,50.25,18213.04
2026-05-05 03:00:00+10:00,57.372,18189.2
2026-05-05 03:05:00+10:00,53.964,18148.61
2026-05-05 03:10:00+10:00,57.29,18193.32
2026-05-05 03:15:00+10:00,46.182,18200.44
2026-05-05 03:20:00+10:00,52.714,18185.69
2026-05-05 03:25:00+10:00,49.536,18217.13
2026-05-05 03:30:00+10:00,62.144,18187.45
2026-05-05 03:35:00+10:00,49.844,18121.65
2026-05-05 03:40:00+10:00,56.362,18127.31
2026-05-05 03:45:00+10:00,65.672,18180.34
2026-05-05 03:50:00+10:00,58.0,18230.75
2026-05-05 03:55:00+10:00,60.618,18160.35
2026-05-05 04:00:00+10:00,52.53,18174.73
2026-05-05 04:05:00+10:00,52.52,18180.25
2026-05-05 04:10:00+10:00,55.346,18244.9
2026-05-05 04:15:00+10:00,48.012,18152.16
2026-05-05 04:20:00+10:00,54.058,18224.81
2026-05-05 04:25:00+10:00,54.43,18235.74
2026-05-05 04:30:00+10:00,54.438,18353.53
2026-05-05 04:35:00+10:00,51.808,18439.81
2026-05-05 04:40:00+10:00,54.658,18560.14
2026-05-05 04:45:00+10:00,48.85,18522.8
2026-05-05 04:50:00+10:00,55.158,18610.96
2026-05-05 04:55:00+10:00,52.838,18751.59
2026-05-05 05:00:00+10:00,60.046,18782.6
2026-05-05 05:05:00+10:00,58.08,18820.16
2026-05-05 05:10:00+10:00,70.198,19067.35
2026-05-05 05:15:00+10:00,75.678,19231.02
2026-05-05 05:20:00+10:00,75.662,19251.85
2026-05-05 05:25:00+10:00,76.89,19267.34
2026-05-05 05:30:00+10:00,84.612,19491.34
2026-05-05 05:35:00+10:00,77.104,19576.3
2026-05-05 05:40:00+10:00,78.506,19836.88
2026-05-05 05:45:00+10:00,79.53,19921.08
2026-05-05 05:50:00+10:00,83.804,20055.55
2026-05-05 05:55:00+10:00,84.054,20237.62
2026-05-05 06:00:00+10:00,89.22,20490.54
2026-05-05 06:05:00+10:00,87.452,20648.25
2026-05-05 06:10:00+10:00,90.976,20852.44
2026-05-05 06:15:00+10:00,88.304,21103.66
2026-05-05 06:20:00+10:00,85.31,21381.39
2026-05-05 06:25:00+10:00,98.162,21670.5
2026-05-05 06:30:00+10:00,103.254,21842.94
2026-05-05 06:35:00+10:00,84.4,21767.2
2026-05-05 06:40:00+10:00,85.25,22080.71
2026-05-05 06:45:00+10:00,78.96,22385.03
2026-05-05 06:50:00+10:00,93.088,22468.47
2026-05-05 06:55:00+10:00,80.49,22423.53
2026-05-05 07:00:00+10:00,86.13,22541.32
2026-05-05 07:05:00+10:00,89.082,22734.54
2026-05-05 07:10:00+10:00,90.172,22740.32
2026-05-05 07:15:00+10:00,96.79,22746.45
2026-05-05 07:20:00+10:00,83.876,22801.09
2026-05-05 07:25:00+10:00,95.608,22760.37
2026-05-05 07:30:00+10:00,81.1,22827.34
2026-05-05 07:35:00+10:00,93.246,22702.82
2026-05-05 07:40:00+10:00,82.474,22708.29
2026-05-05 07:45:00+10:00,74.382,22668.74
2026-05-05 07:50:00+10:00,72.476,22500.24
2026-05-05 07:55:00+10:00,82.228,22358.24
2026-05-05 08:00:00+10:00,65.712,22067.63
2026-05-05 08:05:00+10:00,67.224,21900.05
2026-05-05 08:10:00+10:00,75.34,21883.98
2026-05-05 08:15:00+10:00,65.108,21674.39
2026-05-05 08:20:00+10:00,70.852,21580.72
2026-05-05 08:25:00+10:00,66.662,21428.65
2026-05-05 08:30:00+10:00,70.158,21164.53
2026-05-05 08:35:00+10:00,70.76,20976.16
2026-05-05 08:40:00+10:00,69.07,20790.31
2026-05-05 08:45:00+10:00,57.658,20490.87
2026-05-05 08:50:00+10:00,64.992,20478.91
2026-05-05 08:55:00+10:00,60.442,20370.29
2026-05-05 09:00:00+10:00,64.75,20198.72
2026-05-05 09:05:00+10:00,53.282,19997.86
2026-05-05 09:10:00+10:00,68.222,19865.19
2026-05-05 09:15:00+10:00,69.342,19703.41
2026-05-05 09:20:00+10:00,67.566,19487.92
2026-05-05 09:25:00+10:00,51.162,19301.1
2026-05-05 09:30:00+10:00,54.458,19153.34
2026-05-05 09:35:00+10:00,73.46,19109.06
2026-05-05 09:40:00+10:00,73.514,19131.54
2026-05-05 09:45:00+10:00,69.522,18888.31
2026-05-05 09:50:00+10:00,79.544,18624.71
2026-05-05 09:55:00+10:00,65.242,18647.59
2026-05-05 10:00:00+10:00,78.698,18526.9
2026-05-05 10:05:00+10:00,78.976,18203.85
2026-05-05 10:10:00+10:00,75.876,18254.04
2026-05-05 10:15:00+10:00,85.522,18127.37
2026-05-05 10:20:00+10:00,77.026,18188.39
2026-05-05 10:25:00+10:00,73.808,18099.25
2026-05-05 10:30:00+10:00,78.78,18088.17
2026-05-05 10:35:00+10:00,80.664,18075.33
2026-05-05 10:40:00+10:00,82.67,18096.76
2026-05-05 10:45:00+10:00,79.386,18007.55
2026-05-05 10:50:00+10:00,90.232,17811.99
2026-05-05 10:55:00+10:00,76.572,17850.5
2026-05-05 11:00:00+10:00,79.574,17656.57
2026-05-05 11:05:00+10:00,81.646,17662.87
2026-05-05 11:10:00+10:00,82.884,17842.31
2026-05-05 11:15:00+10:00,88.628,17794.91
2026-05-05 11:20:00+10:00,88.422,17741.85
2026-05-05 11:25:00+10:00,105.054,17912.56
2026-05-05 11:30:00+10:00,87.04,17868.89
2026-05-05 11:35:00+10:00,118.976,17945.2
2026-05-05 11:40:00+10:00,82.316,18066.95
2026-05-05 11:45:00+10:00,90.188,18099.96
2026-05-05 11:50:00+10:00,81.792,17807.37
2026-05-05 11:55:00+10:00,82.728,17765.37
2026-05-05 12:00:00+10:00,91.2,17966.15
2026-05-05 12:05:00+10:00,82.014,17859.15
2026-05-05 12:10:00+10:00,87.73,17901.77
2026-05-05 12:15:00+10:00,91.142,17882.09
2026-05-05 12:20:00+10:00,106.038,17857.09
2026-05-05 12:25:00+10:00,88.306,17914.75
2026-05-05 12:30:00+10:00,77.284,17966.31
2026-05-05 12:35:00+10:00,90.34,18012.63
2026-05-05 12:40:00+10:00,94.108,17879.01
2026-05-05 12:45:00+10:00,101.494,17851.15
2026-05-05 12:50:00+10:00,92.018,17849.02
2026-05-05 12:55:00+10:00,91.018,17979.66
2026-05-05 13:00:00+10:00,98.162,18055.73
2026-05-05 13:05:00+10:00,92.572,18083.94
2026-05-05 13:10:00+10:00,92.85,18311.09
2026-05-05 13:15:00+10:00,98.4,18394.35
2026-05-05 13:20:00+10:00,97.976,18489.55
2026-05-05 13:25:00+10:00,99.494,18534.88
2026-05-05 13:30:00+10:00,88.464,18615.95
2026-05-05 13:35:00+10:00,92.82,18749.23
2026-05-05 13:40:00+10:00,90.37,18736.95
2026-05-05 13:45:00+10:00,90.958,18883.36
2026-05-05 13:50:00+10:00,96.362,19046.35
2026-05-05 13:55:00+10:00,97.27,19171.0
2026-05-05 14:00:00+10:00,117.384,19430.14
2026-05-05 14:05:00+10:00,101.65,19381.14
2026-05-05 14:10:00+10:00,108.354,19393.28
2026-05-05 14:15:00+10:00,109.766,19681.37
2026-05-05 14:20:00+10:00,98.158,19830.19
2026-05-05 14:25:00+10:00,106.674,20025.08
2026-05-05 14:30:00+10:00,100.062,20053.78
2026-05-05 14:35:00+10:00,92.778,20221.97
2026-05-05 14:40:00+10:00,92.156,20428.21
2026-05-05 14:45:00+10:00,94.992,20540.68
2026-05-05 14:50:00+10:00,95.136,20674.86
2026-05-05 14:55:00+10:00,92.894,20859.59
2026-05-05 15:00:00+10:00,94.98,20966.11
2026-05-05 15:05:00+10:00,95.506,20970.33
2026-05-05 15:10:00+10:00,95.338,21144.18
2026-05-05 15:15:00+10:00,110.108,21377.07
2026-05-05 15:20:00+10:00,111.904,21632.24
2026-05-05 15:25:00+10:00,102.722,21752.64
2026-05-05 15:30:00+10:00,93.162,22046.72
2026-05-05 15:35:00+10:00,91.626,22223.35
2026-05-05 15:40:00+10:00,92.984,22252.91
2026-05-05 15:45:00+10:00,95.118,22589.78
2026-05-05 15:50:00+10:00,95.89,22825.43
2026-05-05 15:55:00+10:00,97.54,22976.73
2026-05-05 16:00:00+10:00,104.518,23237.43
2026-05-05 16:05:00+10:00,102.49,23454.48
2026-05-05 16:10:00+10:00,101.638,23618.93
2026-05-05 16:15:00+10:00,100.824,23577.75
2026-05-05 16:20:00+10:00,99.97,23760.05
2026-05-05 16:25:00+10:00,101.77,24036.67
2026-05-05 16:30:00+10:00,117.204,24261.2
2026-05-05 16:35:00+10:00,147.7,24347.6
2026-05-05 16:40:00+10:00,121.048,24404.44
2026-05-05 16:45:00+10:00,143.208,24787.55
2026-05-05 16:50:00+10:00,138.266,24867.52
2026-05-05 16:55:00+10:00,116.736,25135.01
2026-05-05 17:00:00+10:00,141.858,25448.62
2026-05-05 17:05:00+10:00,117.08,25207.11
2026-05-05 17:10:00+10:00,126.52,25492.35
2026-05-05 17:15:00+10:00,119.264,25667.48
2026-05-05 17:20:00+10:00,117.244,25848.51
2026-05-05 17:25:00+10:00,124.944,26014.52
2026-05-05 17:30:00+10:00,124.894,26162.57
2026-05-05 17:35:00+10:00,116.332,26322.76
2026-05-05 17:40:00+10:00,128.12,26614.67
2026-05-05 17:45:00+10:00,117.142,26601.29
2026-05-05 17:50:00+10:00,119.912,26702.58
2026-05-05 17:55:00+10:00,121.792,26700.89
2026-05-05 18:00:00+10:00,124.276,26904.47
2026-05-05 18:05:00+10:00,124.724,26844.32
2026-05-05 18:10:00+10:00,123.726,26664.17
2026-05-05 18:15:00+10:00,117.636,26662.79
2026-05-05 18:20:00+10:00,121.318,26656.91
2026-05-05 18:25:00+10:00,119.636,26709.01
2026-05-05 18:30:00+10:00,120.746,26672.14
2026-05-05 18:35:00+10:00,117.898,26609.41
2026-05-05 18:40:00+10:00,118.024,26395.43
2026-05-05 18:45:00+10:00,115.278,26321.82
2026-05-05 18:50:00+10:00,109.674,26244.43
2026-05-05 18:55:00+10:00,114.918,26335.27
2026-05-05 19:00:00+10:00,112.602,26094.8
2026-05-05 19:05:00+10:00,124.762,26154.83
2026-05-05 19:10:00+10:00,114.568,25723.12
2026-05-05 19:15:00+10:00,113.802,25695.3
2026-05-05 19:20:00+10:00,118.19,25817.87
2026-05-05 19:25:00+10:00,113.264,25512.09
2026-05-05 19:30:00+10:00,113.466,25509.54
2026-05-05 19:35:00+10:00,114.396,25386.68
2026-05-05 19:40:00+10:00,114.592,25350.18
2026-05-05 19:45:00+10:00,113.426,25327.64
2026-05-05 19:50:00+10:00,115.232,25232.39
2026-05-05 19:55:00+10:00,113.684,25153.18
2026-05-05 20:00:00+10:00,112.056,25121.27
2026-05-05 20:05:00+10:00,110.696,24968.24
2026-05-05 20:10:00+10:00,113.976,24921.94
2026-05-05 20:15:00+10:00,109.562,24728.59
2026-05-05 20:20:00+10:00,108.794,24541.48
2026-05-05 20:25:00+10:00,107.532,24504.17
2026-05-05 20:30:00+10:00,108.842,24360.44
2026-05-05 20:35:00+10:00,111.486,24294.93
2026-05-05 20:40:00+10:00,113.404,24377.9
2026-05-05 20:45:00+10:00,114.266,24381.29
2026-05-05 20:50:00+10:00,112.694,24189.05
2026-05-05 20:55:00+10:00,111.558,24239.89
2026-05-05 21:00:00+10:00,112.906,24219.37
2026-05-05 21:05:00+10:00,113.294,24085.7
2026-05-05 21:10:00+10:00,111.946,24052.52
2026-05-05 21:15:00+10:00,119.268,23865.46
2026-05-05 21:20:00+10:00,111.632,23695.17
2026-05-05 21:25:00+10:00,112.388,23689.82
2026-05-05 21:30:00+10:00,113.266,23541.47
2026-05-05 21:35:00+10:00,119.628,23491.96
2026-05-05 21:40:00+10:00,119.31,23402.6
2026-05-05 21:45:00+10:00,115.36,23275.61
2026-05-05 21:50:00+10:00,114.104,23158.8
2026-05-05 21:55:00+10:00,120.108,23029.61
2026-05-05 22:00:00+10:00,117.244,22816.93
2026-05-05 22:05:00+10:00,114.656,22527.8
2026-05-05 22:10:00+10:00,123.772,22715.66
2026-05-05 22:15:00+10:00,117.41,22681.98
2026-05-05 22:20:00+10:00,116.676,22636.8
2026-05-05 22:25:00+10:00,114.398,22455.97
2026-05-05 22:30:00+10:00,113.694,22348.67
2026-05-05 22:35:00+10:00,114.668,22217.18
2026-05-05 22:40:00+10:00,112.896,22124.41
2026-05-05 22:45:00+10:00,110.088,21917.2
2026-05-05 22:50:00+10:00,107.734,21803.91
2026-05-05 22:55:00+10:00,107.278,21643.1
2026-05-05 23:00:00+10:00,107.306,21542.25
2026-05-05 23:05:00+10:00,110.444,21541.52
2026-05-05 23:10:00+10:00,114.194,21661.23
2026-05-05 23:15:00+10:00,112.442,21637.84
2026-05-05 23:20:00+10:00,110.2,21552.45
2026-05-05 23:25:00+10:00,104.714,21395.91
2026-05-05 23:30:00+10:00,105.328,21410.61
2026-05-05 23:35:00+10:00,107.472,21205.08
2026-05-05 23:40:00+10:00,109.426,21261.07
2026-05-05 23:45:00+10:00,106.176,21132.18
2026-05-05 23:50:00+10:00,93.982,21018.68
2026-05-05 23:55:00+10:00,93.662,20899.04
2026-05-06 00:00:00+10:00,93.292,20838.4
2026-05-06 00:05:00+10:00,104.166,20790.48
2026-05-06 00:10:00+10:00,106.47,20803.95
2026-05-06 00:15:00+10:00,106.112,20772.81
2026-05-06 00:20:00+10:00,105.118,20758.69
2026-05-06 00:25:00+10:00,96.738,20688.34
2026-05-06 00:30:00+10:00,92.562,20598.0
2026-05-06 00:35:00+10:00,104.756,20504.65
2026-05-06 00:40:00+10:00,100.222,20367.3
2026-05-06 00:45:00+10:00,103.112,20322.04
2026-05-06 00:50:00+10:00,96.896,20251.49
2026-05-06 00:55:00+10:00,95.972,20190.05
2026-05-06 01:00:00+10:00,94.272,20059.74
2026-05-06 01:05:00+10:00,96.244,20025.25
2026-05-06 01:10:00+10:00,94.16,20002.41
2026-05-06 01:15:00+10:00,92.7,19874.17
2026-05-06 01:20:00+10:00,92.318,19702.99
2026-05-06 01:25:00+10:00,89.714,19675.22
2026-05-06 01:30:00+10:00,89.594,19609.27
2026-05-06 01:35:00+10:00,92.532,19489.69
2026-05-06 01:40:00+10:00,94.266,19517.05
2026-05-06 01:45:00+10:00,98.746,19381.78
2026-05-06 01:50:00+10:00,90.038,19373.77
2026-05-06 01:55:00+10:00,95.224,19361.4
2026-05-06 02:00:00+10:00,89.788,19313.82
2026-05-06 02:05:00+10:00,94.54,19257.96
2026-05-06 02:10:00+10:00,100.29,19107.28
2026-05-06 02:15:00+10:00,90.284,19017.59
2026-05-06 02:20:00+10:00,95.376,18997.74
2026-05-06 02:25:00+10:00,90.796,18964.31
2026-05-06 02:30:00+10:00,92.064,18981.38
2026-05-06 02:35:00+10:00,92.71,18959.76
2026-05-06 02:40:00+10:00,93.21,18887.38
2026-05-06 02:45:00+10:00,88.514,18732.72
2026-05-06 02:50:00+10:00,88.422,18814.31
2026-05-06 02:55:00+10:00,86.494,18747.62
2026-05-06 03:00:00+10:00,90.984,18791.88
2026-05-06 03:05:00+10:00,83.408,18669.4
2026-05-06 03:10:00+10:00,90.578,18813.7
2026-05-06 03:15:00+10:00,91.094,18814.74
2026-05-06 03:20:00+10:00,85.42,18762.11
2026-05-06 03:25:00+10:00,86.776,18799.41
2026-05-06 03:30:00+10:00,86.15,18721.45
2026-05-06 03:35:00+10:00,90.728,18780.13
2026-05-06 03:40:00+10:00,90.782,18779.94
2026-05-06 03:45:00+10:00,82.258,18673.21
2026-05-06 03:50:00+10:00,86.288,18764.05
2026-05-06 03:55:00+10:00,84.098,18824.95
2026-05-06 04:00:00+10:00,81.286,18830.32
2026-05-06 04:05:00+10:00,88.276,18822.69
2026-05-06 04:10:00+10:00,92.272,18825.4
2026-05-06 04:15:00+10:00,94.888,18947.53
2026-05-06 04:20:00+10:00,91.52,18894.67
2026-05-06 04:25:00+10:00,94.146,18927.22
2026-05-06 04:30:00+10:00,93.362,18936.27
2026-05-06 04:35:00+10:00,90.034,18877.73
2026-05-06 04:40:00+10:00,90.842,18965.09
2026-05-06 04:45:00+10:00,90.648,18985.53
2026-05-06 04:50:00+10:00,91.114,18996.49
2026-05-06 04:55:00+10:00,92.656,19131.29
2026-05-06 05:00:00+10:00,93.316,19179.26
2026-05-06 05:05:00+10:00,78.28,19271.98
2026-05-06 05:10:00+10:00,85.532,19449.4
2026-05-06 05:15:00+10:00,91.432,19566.09
2026-05-06 05:20:00+10:00,93.242,19665.19
2026-05-06 05:25:00+10:00,93.934,19802.53
2026-05-06 05:30:00+10:00,98.992,19864.49
2026-05-06 05:35:00+10:00,93.55,20049.15
2026-05-06 05:40:00+10:00,96.496,20185.6
2026-05-06 05:45:00+10:00,104.596,20304.48
2026-05-06 05:50:00+10:00,104.518,20453.09
2026-05-06 05:55:00+10:00,103.71,20618.95
2026-05-06 06:00:00+10:00,106.214,20758.24
2026-05-06 06:05:00+10:00,99.788,20978.57
2026-05-06 06:10:00+10:00,102.116,21323.15
2026-05-06 06:15:00+10:00,101.07,21564.12
2026-05-06 06:20:00+10:00,106.944,21817.22
2026-05-06 06:25:00+10:00,106.99,22011.58
2026-05-06 06:30:00+10:00,118.038,22202.03
2026-05-06 06:35:00+10:00,116.994,22326.44
2026-05-06 06:40:00+10:00,126.778,22650.13
2026-05-06 06:45:00+10:00,124.838,22659.95
2026-05-06 06:50:00+10:00,129.62,22859.61
2026-05-06 06:55:00+10:00,122.814,23061.45
2026-05-06 07:00:00+10:00,127.934,23237.99
2026-05-06 07:05:00+10:00,143.988,23341.54
2026-05-06 07:10:00+10:00,132.478,23308.7
2026-05-06 07:15:00+10:00,121.302,23435.52
2026-05-06 07:20:00+10:00,121.3,23583.88
2026-05-06 07:25:00+10:00,121.31,23705.85
2026-05-06 07:30:00+10:00,111.074,23615.09
2026-05-06 07:35:00+10:00,103.46,23554.57
2026-05-06 07:40:00+10:00,96.688,23518.18
2026-05-06 07:45:00+10:00,92.732,23511.5
2026-05-06 07:50:00+10:00,86.984,23334.39
2026-05-06 07:55:00+10:00,89.064,23443.26
2026-05-06 08:00:00+10:00,76.994,23126.88
2026-05-06 08:05:00+10:00,83.622,23089.11
2026-05-06 08:10:00+10:00,90.74,23044.59
2026-05-06 08:15:00+10:00,89.686,22888.3
2026-05-06 08:20:00+10:00,89.676,22626.99
2026-05-06 08:25:00+10:00,80.774,22409.79
2026-05-06 08:30:00+10:00,73.492,22125.57
2026-05-06 08:35:00+10:00,79.176,21901.68
2026-05-06 08:40:00+10:00,90.42,21726.62
2026-05-06 08:45:00+10:00,83.998,21434.36
2026-05-06 08:50:00+10:00,78.286,21265.08
2026-05-06 08:55:00+10:00,79.202,21101.9
2026-05-06 09:00:00+10:00,72.954,20872.95
2026-05-06 09:05:00+10:00,76.102,20706.9
2026-05-06 09:10:00+10:00,72.558,20593.34
2026-05-06 09:15:00+10:00,71.552,20392.07
2026-05-06 09:20:00+10:00,80.496,20268.42
2026-05-06 09:25:00+10:00,74.676,20023.07
2026-05-06 09:30:00+10:00,79.65,19919.72
2026-05-06 09:35:00+10:00,70.958,19846.17
2026-05-06 09:40:00+10:00,78.902,19789.37
2026-05-06 09:45:00+10:00,47.868,19615.01
2026-05-06 09:50:00+10:00,54.996,19677.17
2026-05-06 09:55:00+10:00,47.66,19553.11
2026-05-06 10:00:00+10:00,41.01,19329.63
2026-05-06 10:05:00+10:00,47.454,19356.16
2026-05-06 10:10:00+10:00,52.042,19402.17
2026-05-06 10:15:00+10:00,51.722,19164.07
2026-05-06 10:20:00+10:00,39.076,19137.3
2026-05-06 10:25:00+10:00,39.372,19174.89
2026-05-06 10:30:00+10:00,46.83,19141.79
2026-05-06 10:35:00+10:00,39.734,18920.71
2026-05-06 10:40:00+10:00,42.766,18983.27
2026-05-06 10:45:00+10:00,55.742,19191.9
2026-05-06 10:50:00+10:00,39.952,19194.49
2026-05-06 10:55:00+10:00,44.648,19251.09
2026-05-06 11:00:00+10:00,46.434,19039.86
2026-05-06 11:05:00+10:00,36.856,19087.22
2026-05-06 11:10:00+10:00,36.272,19412.48
2026-05-06 11:15:00+10:00,44.81,19395.85
2026-05-06 11:20:00+10:00,46.948,19213.23
2026-05-06 11:25:00+10:00,42.814,19242.45
2026-05-06 11:30:00+10:00,44.408,19126.75
2026-05-06 11:35:00+10:00,45.65,18745.76
2026-05-06 11:40:00+10:00,44.852,18771.53
2026-05-06 11:45:00+10:00,36.844,18714.74
2026-05-06 11:50:00+10:00,37.664,18650.2
2026-05-06 11:55:00+10:00,45.728,18646.6
2026-05-06 12:00:00+10:00,37.02,18673.38
2026-05-06 12:05:00+10:00,47.85,18756.28
2026-05-06 12:10:00+10:00,46.654,18789.24
2026-05-06 12:15:00+10:00,43.944,18730.17
2026-05-06 12:20:00+10:00,44.926,18622.95
2026-05-06 12:25:00+10:00,39.792,18617.34
2026-05-06 12:30:00+10:00,40.332,18642.52
2026-05-06 12:35:00+10:00,40.11,18607.72
2026-05-06 12:40:00+10:00,57.324,18644.92
2026-05-06 12:45:00+10:00,42.048,18775.18
2026-05-06 12:50:00+10:00,52.214,18781.52
2026-05-06 12:55:00+10:00,43.8,18683.49
2026-05-06 13:00:00+10:00,39.846,18733.1
2026-05-06 13:05:00+10:00,45.01,18726.78
2026-05-06 13:10:00+10:00,44.442,18661.31
2026-05-06 13:15:00+10:00,43.784,18478.2
2026-05-06 13:20:00+10:00,44.1,18346.9
2026-05-06 13:25:00+10:00,44.506,18429.23
2026-05-06 13:30:00+10:00,43.984,18513.34
2026-05-06 13:35:00+10:00,42.546,18562.71
2026-05-06 13:40:00+10:00,44.724,18767.0
2026-05-06 13:45:00+10:00,43.648,18781.12
2026-05-06 13:50:00+10:00,44.714,18893.25
2026-05-06 13:55:00+10:00,42.93,18962.39
2026-05-06 14:00:00+10:00,43.782,18992.25
2026-05-06 14:05:00+10:00,42.356,19174.6
2026-05-06 14:10:00+10:00,39.396,19283.66
2026-05-06 14:15:00+10:00,42.614,19392.36
2026-05-06 14:20:00+10:00,43.28,19324.95
2026-05-06 14:25:00+10:00,43.014,19442.57
2026-05-06 14:30:00+10:00,41.084,19491.82
2026-05-06 14:35:00+10:00,40.41,19482.42
2026-05-06 14:40:00+10:00,44.012,19685.57
2026-05-06 14:45:00+10:00,42.836,19868.58
2026-05-06 14:50:00+10:00,45.598,20030.92
2026-05-06 14:55:00+10:00,43.706,20204.76
2026-05-06 15:00:00+10:00,43.8,20324.26
2026-05-06 15:05:00+10:00,43.64,20398.04
2026-05-06 15:10:00+10:00,43.39,20407.94
2026-05-06 15:15:00+10:00,43.704,20622.68
2026-05-06 15:20:00+10:00,43.672,20740.45
2026-05-06 15:25:00+10:00,44.792,20926.48
2026-05-06 15:30:00+10:00,46.486,20991.95
2026-05-06 15:35:00+10:00,45.73,21103.13
2026-05-06 15:40:00+10:00,45.36,21397.58
2026-05-06 15:45:00+10:00,45.14,21566.01
2026-05-06 15:50:00+10:00,46.938,21775.99
2026-05-06 15:55:00+10:00,48.884,22009.95
2026-05-06 16:00:00+10:00,51.602,22302.38
2026-05-06 16:05:00+10:00,45.548,22452.97
2026-05-06 16:10:00+10:00,45.536,22626.4
2026-05-06 16:15:00+10:00,52.88,22837.54
2026-05-06 16:20:00+10:00,54.666,23133.83
2026-05-06 16:25:00+10:00,54.57,23410.83
2026-05-06 16:30:00+10:00,60.3,23733.16
2026-05-06 16:35:00+10:00,56.2,23953.11
2026-05-06 16:40:00+10:00,57.064,24096.48
2026-05-06 16:45:00+10:00,61.7,24377.18
2026-05-06 16:50:00+10:00,65.306,24651.16
2026-05-06 16:55:00+10:00,67.308,24829.92
2026-05-06 17:00:00+10:00,68.052,25086.03
2026-05-06 17:05:00+10:00,63.712,25210.09
2026-05-06 17:10:00+10:00,67.948,25303.45
2026-05-06 17:15:00+10:00,73.076,25457.52
2026-05-06 17:20:00+10:00,69.514,25659.37
2026-05-06 17:25:00+10:00,72.716,25941.97
2026-05-06 17:30:00+10:00,75.026,26048.33
2026-05-06 17:35:00+10:00,75.492,26264.26
2026-05-06 17:40:00+10:00,75.148,26298.55
2026-05-06 17:45:00+10:00,80.504,26425.58
2026-05-06 17:50:00+10:00,75.042,26414.76
2026-05-06 17:55:00+10:00,81.104,26557.52
2026-05-06 18:00:00+10:00,74.548,26513.06
2026-05-06 18:05:00+10:00,72.566,26491.3
2026-05-06 18:10:00+10:00,66.216,26497.92
2026-05-06 18:15:00+10:00,60.586,26463.75
2026-05-06 18:20:00+10:00,66.092,26566.55
2026-05-06 18:25:00+10:00,69.948,26585.23
2026-05-06 18:30:00+10:00,70.1,26447.08
2026-05-06 18:35:00+10:00,59.596,26325.2
2026-05-06 18:40:00+10:00,62.208,26278.46
2026-05-06 18:45:00+10:00,66.11,26303.84
2026-05-06 18:50:00+10:00,65.344,26109.84
2026-05-06 18:55:00+10:00,61.82,26121.21
2026-05-06 19:00:00+10:00,67.496,26070.71
2026-05-06 19:05:00+10:00,66.84,25977.08
2026-05-06 19:10:00+10:00,66.766,25763.08
2026-05-06 19:15:00+10:00,65.812,25672.14
2026-05-06 19:20:00+10:00,62.082,25583.31
2026-05-06 19:25:00+10:00,67.996,25651.86
2026-05-06 19:30:00+10:00,63.518,25481.28
2026-05-06 19:35:00+10:00,60.552,25433.06
2026-05-06 19:40:00+10:00,66.854,25268.22
2026-05-06 19:45:00+10:00,63.818,25297.64
2026-05-06 19:50:00+10:00,63.856,25322.4
2026-05-06 19:55:00+10:00,65.13,25250.5
2026-05-06 20:00:00+10:00,65.048,25155.5
2026-05-06 20:05:00+10:00,58.212,25027.99
2026-05-06 20:10:00+10:00,63.896,25011.56
2026-05-06 20:15:00+10:00,63.526,24893.37
2026-05-06 20:20:00+10:00,62.916,24852.13
2026-05-06 20:25:00+10:00,61.202,24762.21
2026-05-06 20:30:00+10:00,61.592,24659.33
2026-05-06 20:35:00+10:00,65.164,24577.73
2026-05-06 20:40:00+10:00,61.964,24479.83
2026-05-06 20:45:00+10:00,62.18,24396.17
2026-05-06 20:50:00+10:00,60.738,24262.19
2026-05-06 20:55:00+10:00,63.936,24273.15
2026-05-06 21:00:00+10:00,63.732,24176.14
2026-05-06 21:05:00+10:00,70.248,24079.87
2026-05-06 21:10:00+10:00,66.562,23976.01
2026-05-06 21:15:00+10:00,65.188,23828.24
2026-05-06 21:20:00+10:00,62.46,23747.52
2026-05-06 21:25:00+10:00,66.33,23793.83
2026-05-06 21:30:00+10:00,53.338,23650.96
2026-05-06 21:35:00+10:00,58.092,23559.36
2026-05-06 21:40:00+10:00,58.054,23490.68
2026-05-06 21:45:00+10:00,59.322,23351.31
2026-05-06 21:50:00+10:00,58.204,23144.48
2026-05-06 21:55:00+10:00,52.912,23074.7
2026-05-06 22:00:00+10:00,58.03,22972.81
2026-05-06 22:05:00+10:00,53.174,22603.86
2026-05-06 22:10:00+10:00,57.904,22782.19
2026-05-06 22:15:00+10:00,56.568,22671.47
2026-05-06 22:20:00+10:00,57.074,22583.96
2026-05-06 22:25:00+10:00,54.308,22405.81
2026-05-06 22:30:00+10:00,52.214,22139.14
2026-05-06 22:35:00+10:00,51.388,22080.6
2026-05-06 22:40:00+10:00,51.504,22027.18
2026-05-06 22:45:00+10:00,54.324,22021.4
2026-05-06 22:50:00+10:00,49.89,21842.61
2026-05-06 22:55:00+10:00,51.35,21624.03
2026-05-06 23:00:00+10:00,54.612,21557.88
2026-05-06 23:05:00+10:00,52.004,21501.4
2026-05-06 23:10:00+10:00,56.35,21621.89
2026-05-06 23:15:00+10:00,52.974,21607.68
2026-05-06 23:20:00+10:00,49.558,21471.75
2026-05-06 23:25:00+10:00,47.804,21290.21
2026-05-06 23:30:00+10:00,47.774,21297.52
2026-05-06 23:35:00+10:00,46.702,21198.56
2026-05-06 23:40:00+10:00,48.626,21225.01
2026-05-06 23:45:00+10:00,49.274,21176.28
2026-05-06 23:50:00+10:00,45.596,20979.54
2026-05-06 23:55:00+10:00,45.372,20933.52
2026-05-07 00:00:00+10:00,45.668,20891.19
2026-05-07 00:05:00+10:00,54.67,20749.77
2026-05-07 00:10:00+10:00,54.29,20791.11
2026-05-07 00:15:00+10:00,52.85,20645.87
2026-05-07 00:20:00+10:00,50.746,20556.95
2026-05-07 00:25:00+10:00,50.098,20461.21
2026-05-07 00:30:00+10:00,54.358,20446.69
2026-05-07 00:35:00+10:00,58.498,20412.73
2026-05-07 00:40:00+10:00,54.638,20239.6
2026-05-07 00:45:00+10:00,51.348,20179.25
2026-05-07 00:50:00+10:00,51.454,20193.03
2026-05-07 00:55:00+10:00,49.98,20146.98
2026-05-07 01:00:00+10:00,49.328,20006.34
2026-05-07 01:05:00+10:00,52.75,19814.25
2026-05-07 01:10:00+10:00,52.724,19816.17
2026-05-07 01:15:00+10:00,52.904,19825.3
2026-05-07 01:20:00+10:00,52.874,19724.9
2026-05-07 01:25:00+10:00,49.464,19559.68
2026-05-07 01:30:00+10:00,52.832,19523.76
2026-05-07 01:35:00+10:00,53.096,19443.68
2026-05-07 01:40:00+10:00,52.804,19367.26
2026-05-07 01:45:00+10:00,52.92,19295.43
2026-05-07 01:50:00+10:00,55.946,19185.37
2026-05-07 01:55:00+10:00,50.512,19100.62
2026-05-07 02:00:00+10:00,53.55,19035.22
2026-05-07 02:05:00+10:00,56.294,19071.44
2026-05-07 02:10:00+10:00,50.568,18973.98
2026-05-07 02:15:00+10:00,52.802,18881.46
2026-05-07 02:20:00+10:00,56.52,18989.27
2026-05-07 02:25:00+10:00,53.048,18937.05
2026-05-07 02:30:00+10:00,53.25,18862.63
2026-05-07 02:35:00+10:00,58.76,18878.4
2026-05-07 02:40:00+10:00,58.28,18729.72
2026-05-07 02:45:00+10:00,56.184,18802.41
2026-05-07 02:50:00+10:00,53.138,18782.11
2026-05-07 02:55:00+10:00,59.58,18748.38
2026-05-07 03:00:00+10:00,49.496,18731.45
2026-05-07 03:05:00+10:00,51.25,18683.63
2026-05-07 03:10:00+10:00,52.146,18779.03
2026-05-07 03:15:00+10:00,49.514,18719.04
2026-05-07 03:20:00+10:00,49.536,18750.56
2026-05-07 03:25:00+10:00,49.572,18714.28
2026-05-07 03:30:00+10:00,49.784,18767.03
2026-05-07 03:35:00+10:00,55.83,18779.27
2026-05-07 03:40:00+10:00,50.42,18716.79
2026-05-07 03:45:00+10:00,47.92,18706.9
2026-05-07 03:50:00+10:00,46.552,18753.28
2026-05-07 03:55:00+10:00,54.7,18751.17
2026-05-07 04:00:00+10:00,52.806,18719.73
2026-05-07 04:05:00+10:00,46.988,18752.46
2026-05-07 04:10:00+10:00,52.976,18860.51
2026-05-07 04:15:00+10:00,54.362,18945.83
2026-05-07 04:20:00+10:00,51.29,18982.75
2026-05-07 04:25:00+10:00,44.434,18932.98
2026-05-07 04:30:00+10:00,46.468,18994.19
2026-05-07 04:35:00+10:00,46.99,19104.77
2026-05-07 04:40:00+10:00,52.236,19230.67
2026-05-07 04:45:00+10:00,49.564,19312.53
2026-05-07 04:50:00+10:00,54.132,19444.88
2026-05-07 04:55:00+10:00,48.758,19600.68
2026-05-07 05:00:00+10:00,49.126,19693.69
2026-05-07 05:05:00+10:00,45.278,19789.26
2026-05-07 05:10:00+10:00,56.152,19870.25
2026-05-07 05:15:00+10:00,53.258,20019.14
2026-05-07 05:20:00+10:00,52.556,20086.43
2026-05-07 05:25:00+10:00,58.836,20294.07
2026-05-07 05:30:00+10:00,57.778,20294.42
2026-05-07 05:35:00+10:00,56.342,20481.64
2026-05-07 05:40:00+10:00,54.544,20613.43
2026-05-07 05:45:00+10:00,59.264,20774.89
2026-05-07 05:50:00+10:00,61.546,20971.22
2026-05-07 05:55:00+10:00,59.854,21068.66
2026-05-07 06:00:00+10:00,59.214,21309.86
2026-05-07 06:05:00+10:00,56.754,21462.26
2026-05-07 06:10:00+10:00,61.65,21870.37
2026-05-07 06:15:00+10:00,63.766,22152.4
2026-05-07 06:20:00+10:00,73.018,22440.97
2026-05-07 06:25:00+10:00,83.558,22623.11
2026-05-07 06:30:00+10:00,85.298,22887.97
2026-05-07 06:35:00+10:00,92.682,23052.29
2026-05-07 06:40:00+10:00,80.946,23367.51
2026-05-07 06:45:00+10:00,86.178,23635.63
2026-05-07 06:50:00+10:00,95.22,23836.76
2026-05-07 06:55:00+10:00,73.868,24007.84
2026-05-07 07:00:00+10:00,67.356,24033.32
2026-05-07 07:05:00+10:00,70.252,24272.4
2026-05-07 07:10:00+10:00,66.426,24365.21
2026-05-07 07:15:00+10:00,67.71,24530.17
2026-05-07 07:20:00+10:00,60.732,24611.51
2026-05-07 07:25:00+10:00,59.736,24655.16
2026-05-07 07:30:00+10:00,66.426,24669.2
2026-05-07 07:35:00+10:00,65.614,24589.25
2026-05-07 07:40:00+10:00,59.996,24551.0
2026-05-07 07:45:00+10:00,66.024,24457.11
2026-05-07 07:50:00+10:00,63.444,24386.16
2026-05-07 07:55:00+10:00,63.746,24284.79
2026-05-07 08:00:00+10:00,52.944,24094.74
2026-05-07 08:05:00+10:00,53.882,24037.3
2026-05-07 08:10:00+10:00,51.968,23928.65
2026-05-07 08:15:00+10:00,52.692,23751.74
2026-05-07 08:20:00+10:00,50.644,23530.67
2026-05-07 08:25:00+10:00,46.702,23392.29
2026-05-07 08:30:00+10:00,46.872,23094.72
2026-05-07 08:35:00+10:00,50.554,22883.97
2026-05-07 08:40:00+10:00,46.398,22669.73
2026-05-07 08:45:00+10:00,42.964,22509.84
2026-05-07 08:50:00+10:00,43.67,22429.96
2026-05-07 08:55:00+10:00,32.186,22250.72
2026-05-07 09:00:00+10:00,27.556,22002.38
2026-05-07 09:05:00+10:00,32.156,21911.89
2026-05-07 09:10:00+10:00,49.486,21962.27
2026-05-07 09:15:00+10:00,50.532,21680.4
2026-05-07 09:20:00+10:00,33.632,21474.09
2026-05-07 09:25:00+10:00,32.908,21517.79
2026-05-07 09:30:00+10:00,24.944,21306.54
2026-05-07 09:35:00+10:00,34.754,21081.78
2026-05-07 09:40:00+10:00,36.668,21004.19
2026-05-07 09:45:00+10:00,33.41,20847.95
2026-05-07 09:50:00+10:00,31.858,20612.03
2026-05-07 09:55:00+10:00,30.478,20582.14
2026-05-07 10:00:00+10:00,28.708,20546.36
2026-05-07 10:05:00+10:00,38.422,20405.01
2026-05-07 10:10:00+10:00,36.452,20697.85
2026-05-07 10:15:00+10:00,31.226,20607.8
2026-05-07 10:20:00+10:00,37.766,20630.61
2026-05-07 10:25:00+10:00,31.712,20683.28
2026-05-07 10:30:00+10:00,30.97,20324.87
2026-05-07 10:35:00+10:00,27.39,20190.87
2026-05-07 10:40:00+10:00,29.876,20179.3
2026-05-07 10:45:00+10:00,29.91,20206.33
2026-05-07 10:50:00+10:00,30.692,20020.53
2026-05-07 10:55:00+10:00,28.662,19947.34
2026-05-07 11:00:00+10:00,25.158,19754.47
2026-05-07 11:05:00+10:00,22.854,19637.44
2026-05-07 11:10:00+10:00,25.462,19772.46
2026-05-07 11:15:00+10:00,25.364,19710.61
2026-05-07 11:20:00+10:00,23.034,19630.35
2026-05-07 11:25:00+10:00,27.228,19661.39
2026-05-07 11:30:00+10:00,22.498,19328.3
2026-05-07 11:35:00+10:00,27.324,19180.11
2026-05-07 11:40:00+10:00,26.828,19277.48
2026-05-07 11:45:00+10:00,26.236,19016.96
2026-05-07 11:50:00+10:00,26.782,19044.04
2026-05-07 11:55:00+10:00,19.35,18998.88
2026-05-07 12:00:00+10:00,18.376,19035.85
2026-05-07 12:05:00+10:00,21.892,18944.99
2026-05-07 12:10:00+10:00,20.954,19127.62
2026-05-07 12:15:00+10:00,21.728,18931.69
2026-05-07 12:20:00+10:00,18.44,18966.16
2026-05-07 12:25:00+10:00,19.774,18996.3
2026-05-07 12:30:00+10:00,17.882,18843.17
2026-05-07 12:35:00+10:00,18.004,18734.65
2026-05-07 12:40:00+10:00,19.608,18804.85
2026-05-07 12:45:00+10:00,22.07,18738.11
2026-05-07 12:50:00+10:00,18.096,19003.68
2026-05-07 12:55:00+10:00,19.486,18851.53
2026-05-07 13:00:00+10:00,17.626,18886.34
2026-05-07 13:05:00+10:00,19.3,19212.18
2026-05-07 13:10:00+10:00,18.02,19292.45
2026-05-07 13:15:00+10:00,18.52,19220.29
2026-05-07 13:20:00+10:00,17.678,19135.47
2026-05-07 13:25:00+10:00,17.368,19196.35
2026-05-07 13:30:00+10:00,17.63,19227.45
2026-05-07 13:35:00+10:00,17.506,19070.78
2026-05-07 13:40:00+10:00,17.576,19151.34
2026-05-07 13:45:00+10:00,17.358,19317.94
2026-05-07 13:50:00+10:00,17.338,19386.08
2026-05-07 13:55:00+10:00,17.752,19456.25
2026-05-07 14:00:00+10:00,17.338,19553.39
2026-05-07 14:05:00+10:00,17.594,19733.29
2026-05-07 14:10:00+10:00,19.846,19760.95
2026-05-07 14:15:00+10:00,17.844,19767.89
2026-05-07 14:20:00+10:00,17.594,19704.77
2026-05-07 14:25:00+10:00,18.01,19928.86
2026-05-07 14:30:00+10:00,33.158,20019.17
2026-05-07 14:35:00+10:00,17.632,20164.4
2026-05-07 14:40:00+10:00,18.408,20534.84
2026-05-07 14:45:00+10:00,17.632,20576.46
2026-05-07 14:50:00+10:00,17.632,20792.8
2026-05-07 14:55:00+10:00,18.56,21093.45
2026-05-07 15:00:00+10:00,26.156,21287.33
2026-05-07 15:05:00+10:00,22.42,21360.15
2026-05-07 15:10:00+10:00,33.528,21436.1
2026-05-07 15:15:00+10:00,31.36,21636.59
2026-05-07 15:20:00+10:00,38.404,21931.27
2026-05-07 15:25:00+10:00,46.49,22189.71
2026-05-07 15:30:00+10:00,38.056,22342.61
2026-05-07 15:35:00+10:00,42.99,22679.91
2026-05-07 15:40:00+10:00,52.456,23019.05
2026-05-07 15:45:00+10:00,48.086,23134.25
2026-05-07 15:50:00+10:00,40.07,23567.43
2026-05-07 15:55:00+10:00,48.666,23858.27
2026-05-07 16:00:00+10:00,66.984,24003.11
2026-05-07 16:05:00+10:00,63.4,24058.12
2026-05-07 16:10:00+10:00,63.262,24214.02
2026-05-07 16:15:00+10:00,60.34,24346.12
2026-05-07 16:20:00+10:00,63.624,24753.01
2026-05-07 16:25:00+10:00,75.812,25048.52
2026-05-07 16:30:00+10:00,73.528,25187.5
2026-05-07 16:35:00+10:00,53.08,25478.14
2026-05-07 16:40:00+10:00,73.132,25833.05
2026-05-07 16:45:00+10:00,78.986,26130.68
2026-05-07 16:50:00+10:00,63.726,26183.94
2026-05-07 16:55:00+10:00,66.496,26528.24
2026-05-07 17:00:00+10:00,80.308,26886.26
2026-05-07 17:05:00+10:00,72.212,27024.88
2026-05-07 17:10:00+10:00,66.978,27132.74
2026-05-07 17:15:00+10:00,70.9,27335.41
2026-05-07 17:20:00+10:00,70.322,27591.75
2026-05-07 17:25:00+10:00,67.954,27790.93
2026-05-07 17:30:00+10:00,67.812,28012.62
2026-05-07 17:35:00+10:00,67.87,28124.47
2026-05-07 17:40:00+10:00,66.818,28407.15
2026-05-07 17:45:00+10:00,68.062,28580.57
2026-05-07 17:50:00+10:00,66.502,28787.61
2026-05-07 17:55:00+10:00,66.388,28885.99
2026-05-07 18:00:00+10:00,66.352,28840.87
2026-05-07 18:05:00+10:00,66.302,28797.61
2026-05-07 18:10:00+10:00,66.352,28739.14
2026-05-07 18:15:00+10:00,66.226,28698.75
2026-05-07 18:20:00+10:00,66.212,28672.03
2026-05-07 18:25:00+10:00,65.696,28722.7
2026-05-07 18:30:00+10:00,66.198,28689.93
2026-05-07 18:35:00+10:00,66.296,28555.69
2026-05-07 18:40:00+10:00,63.522,28442.51
2026-05-07 18:45:00+10:00,65.096,28522.87
2026-05-07 18:50:00+10:00,62.992,28387.03
2026-05-07 18:55:00+10:00,65.942,28411.73
2026-05-07 19:00:00+10:00,62.324,28107.38
2026-05-07 19:05:00+10:00,63.01,28127.87
2026-05-07 19:10:00+10:00,63.554,27962.2
2026-05-07 19:15:00+10:00,63.426,27864.89
2026-05-07 19:20:00+10:00,66.426,27886.07
2026-05-07 19:25:00+10:00,65.686,27802.19
2026-05-07 19:30:00+10:00,63.496,27667.36
2026-05-07 19:35:00+10:00,66.026,27568.68
2026-05-07 19:40:00+10:00,62.526,27420.54
2026-05-07 19:45:00+10:00,61.36,27335.09
2026-05-07 19:50:00+10:00,55.476,27374.73
2026-05-07 19:55:00+10:00,61.23,27364.54
2026-05-07 20:00:00+10:00,60.662,27180.65
2026-05-07 20:05:00+10:00,57.916,27065.06
2026-05-07 20:10:00+10:00,58.216,27014.89
2026-05-07 20:15:00+10:00,54.944,26988.95
2026-05-07 20:20:00+10:00,54.75,26876.98
2026-05-07 20:25:00+10:00,54.91,26644.66
2026-05-07 20:30:00+10:00,61.446,26686.8
2026-05-07 20:35:00+10:00,50.444,26399.64
2026-05-07 20:40:00+10:00,58.018,26629.75
2026-05-07 20:45:00+10:00,52.43,26370.63
2026-05-07 20:50:00+10:00,52.982,26305.0
2026-05-07 20:55:00+10:00,59.218,26383.3
2026-05-07 21:00:00+10:00,55.856,26027.7
2026-05-07 21:05:00+10:00,56.092,25781.89
2026-05-07 21:10:00+10:00,61.202,25759.19
2026-05-07 21:15:00+10:00,60.282,25529.95
2026-05-07 21:20:00+10:00,52.08,25405.37
2026-05-07 21:25:00+10:00,63.788,25424.71
2026-05-07 21:30:00+10:00,54.37,25176.72
2026-05-07 21:35:00+10:00,51.876,24974.04
2026-05-07 21:40:00+10:00,53.064,24945.22
2026-05-07 21:45:00+10:00,56.206,24792.93
2026-05-07 21:50:00+10:00,50.212,24516.91
2026-05-07 21:55:00+10:00,47.51,24585.69
2026-05-07 22:00:00+10:00,49.598,24230.08
2026-05-07 22:05:00+10:00,49.5,23903.69
2026-05-07 22:10:00+10:00,53.288,24033.94
2026-05-07 22:15:00+10:00,65.612,23889.25
2026-05-07 22:20:00+10:00,50.112,23787.51
2026-05-07 22:25:00+10:00,55.406,23644.89
2026-05-07 22:30:00+10:00,47.582,23414.05
2026-05-07 22:35:00+10:00,50.702,23222.06
2026-05-07 22:40:00+10:00,71.29,23204.1
2026-05-07 22:45:00+10:00,50.416,23098.75
2026-05-07 22:50:00+10:00,52.292,22970.56
2026-05-07 22:55:00+10:00,50.236,22653.63
2026-05-07 23:00:00+10:00,52.678,22608.25
2026-05-07 23:05:00+10:00,49.096,22600.66
2026-05-07 23:10:00+10:00,51.076,22567.63
2026-05-07 23:15:00+10:00,50.43,22436.46
2026-05-07 23:20:00+10:00,47.438,22343.62
2026-05-07 23:25:00+10:00,47.816,22241.04
2026-05-07 23:30:00+10:00,48.598,22221.4
2026-05-07 23:35:00+10:00,57.538,22199.07
2026-05-07 23:40:00+10:00,47.17,21983.55
2026-05-07 23:45:00+10:00,47.306,21934.54
2026-05-07 23:50:00+10:00,51.244,21756.71
2026-05-07 23:55:00+10:00,52.082,21627.0
